product_seq,pci_type,pci_number,mainboard_id
20324882,PCIex16,1,1
20324882,PCIex1,1,1
7452181,PCIex16,1,2
7452181,PCIex1,2,2
16284179,PCIex16,1,3
16284179,PCIex1,2,3
16083650,PCIex16,1,4
16083650,PCIex1,1,4
18652871,PCIex16,1,5
18652871,PCIex16(at x4),1,5
18652871,PCIex1,1,5
18652877,PCIex16,1,6
18652877,PCIex16(at x4),1,6
18652877,PCIex1,1,6
17971181,PCIex16,1,7
17971181,PCIex16(at x4),1,7
17971181,PCIex1,1,7
18021581,PCIex16,1,8
18021581,PCIex16(at x4),1,8
18021581,PCIex1,2,8
19536062,PCIex16,1,9
19536062,PCIex16(at x4),1,9
18649997,PCIex16,1,10
18649997,PCIex16(at x4),1,10
11571368,PCIex16,1,11
11571368,PCIex16(at x4),1,11
11571368,PCIex1,1,11
16089002,PCIex16,2,12
16089002,PCIex1,1,12
17971187,PCIex16,1,13
17971187,PCIex16(at x4),1,13
17971187,PCIex1,1,13
16084070,PCIex16,1,14
16084070,PCIex1,2,14
18060350,PCIex16,1,15
18060350,PCIex16(at x4),2,15
20593100,PCIex16,1,16
20593100,PCIex1,2,16
18357167,PCIex16,1,17
18357167,PCIex16(at x4),1,17
18357167,PCIex1,1,17
21727307,PCIex16,1,18
21727307,PCIex1,1,18
19628207,PCIex16,1,19
19628207,PCIex16(at x4),1,19
19628207,PCIex1,1,19
17971184,PCIex16,1,20
17971184,PCIex16(at x4),1,20
17971184,PCIex1,1,20
16301447,PCIex16,1,21
16301447,PCIex1,1,21
20391572,PCIex16,1,22
20391572,PCIex16(at x4),1,22
11684576,PCIex16,2,23
11684576,PCIex1,1,23
19177262,PCIex16,1,24
19177262,PCIex16(at x4),1,24
19177262,PCIex1,1,24
19627259,PCIex16,1,25
19627259,PCIex16(at x4),1,25
19627259,PCIex1,1,25
19498640,PCIex16,1,26
19498640,PCIex16(at x4),1,26
12067598,PCIex16,1,27
12067598,PCIex1,1,27
18651431,PCIex16,1,28
18651431,PCIex16(at x4),1,28
27915716,PCIex16,1,29
27915716,PCIex16(at x4),1,29
27915716,PCIex1,1,29
17926766,PCIex16,1,30
17926766,PCIex16(at x4),1,30
17926766,PCIex1,1,30
18059849,PCIex16,1,31
18059849,PCIex16(at x4),1,31
17926763,PCIex16,1,32
17926763,PCIex16(at x4),1,32
17926763,PCIex16(at x1),1,32
17926763,PCIex1,1,32
16088780,PCIex16,2,33
16088780,PCIex1,1,33
12464213,PCIex16,2,34
12464213,PCIex1,1,34
18599705,PCIex16,1,35
18599705,PCIex16(at x4),1,35
18599705,PCIex4,1,35
18599705,PCIex1,2,35
19673600,PCIex16,1,36
19673600,PCIex1,1,36
19919207,PCIex16,1,37
19919207,PCIex16(at x4),2,37
18651560,PCIex16,1,38
18651560,PCIex1,2,38
16427084,PCIex16,2,39
16427084,PCIex1,1,39
20238110,PCIex16,1,40
20238110,PCIex1,1,40
20608010,PCIex16,2,41
20608010,PCIex1,3,41
18652865,PCIex16,1,42
18652865,PCIex16(at x4),1,42
18652865,PCIex1,1,42
18165161,PCIex16,1,43
18165161,PCIex16(at x4),1,43
18036947,PCIex16,1,44
18036947,PCIex1,2,44
12069566,PCIex16,1,45
12069566,PCIex1,2,45
18113015,PCIex16,1,46
18113015,PCIex16(at x4),1,46
17971178,PCIex16,1,47
17971178,PCIex16(at x4),1,47
17971178,PCIex1,1,47
18376385,PCIex16,1,48
17926655,PCIex16,1,49
17926655,PCIex16(at x4),1,49
17926655,PCIex16(at x2),1,49
20119583,PCIex16,1,50
20119583,PCIex1,1,50
13147263,PCIex16,1,51
13147263,PCIex1,1,51
20344700,PCIex16,1,52
20344700,PCIex1,1,52
19827572,PCIex16,1,53
19827572,PCIex1,2,53
18021662,PCIex16,1,54
18021662,PCIex16(at x4),1,54
18021662,PCIex1,2,54
18976055,PCIex16,1,55
18976055,PCIex16(at x2),2,55
18167522,PCIex16,1,56
18167522,PCIex16(at x4),1,56
18167522,PCIex1,1,56
19772786,PCIex16,1,57
19772786,PCIex16(at x4),1,57
19772786,PCIex1,1,57
16637543,PCIex16,1,58
16637543,PCIex1,2,58
16637543,PCI,1,58
11934316,PCIex16,1,59
11934316,PCIex16(at x4),1,59
11934316,PCIex1,3,59
11574458,PCIex16,1,60
11574458,PCIex1,2,60
18167699,PCIex16,1,61
18167699,PCIex16(at x4),1,61
18167699,PCIex1,1,61
17971598,PCIex16,1,62
17971598,PCIex16(at x2),1,62
17971598,PCIex1,1,62
20231597,PCIex16,1,63
20231597,PCIex1,1,63
18109313,PCIex16,1,64
18109313,PCIex1,1,64
12487823,PCIex16,2,65
12487823,PCIex1,1,65
19926611,PCIex16,1,66
19926611,PCIex1,2,66
21427535,PCIex16,1,67
21427535,PCIex1,2,67
18651506,PCIex16,1,68
18651506,PCIex16(at x4),1,68
18841790,PCIex16,1,69
18841790,PCIex16(at x4),1,69
11572991,PCIex16,2,70
11572991,PCIex1,1,70
19844990,PCIex16,1,71
19844990,PCIex1,1,71
18261176,PCIex16,1,72
18261176,PCIex16(at x4),2,72
18173051,PCIex16,1,73
18173051,PCIex16(at x4),1,73
18173051,PCIex1,2,73
19755455,PCIex16,1,74
18264857,PCIex16,1,75
18264857,PCIex16(at x4),2,75
17970146,PCIex16,1,76
17970146,PCIex16(at x1),2,76
18584546,PCIex16,1,77
18584546,PCIex16(at x4),1,77
18054803,PCIex16,1,78
18054803,PCIex16(at x4),3,78
18054803,PCIex1,1,78
17926745,PCIex16,1,79
17926745,PCIex16(at x4),1,79
17926745,PCIex4,1,79
18448628,PCIex16,1,80
13980314,PCIex16,2,81
13980314,PCIex4,1,81
9480156,PCIex16,1,82
9480156,PCIex1,1,82
16094585,PCIex16,2,83
16094585,PCIex1,1,83
17971253,PCIex16,1,84
17971253,PCIex16(at x4),1,84
17971253,PCIex1,2,84
19536692,PCIex16,1,85
19536692,PCIex16(at x4),1,85
19536692,PCIex1,1,85
19926731,PCIex16,1,86
19926731,PCIex1,2,86
18172115,PCIex16,1,87
18172115,PCIex16(at x2),1,87
18172115,PCIex1,1,87
20459081,PCIex16,1,88
20459081,PCIex1,1,88
21421541,PCIex16,1,89
21421541,PCIex1,2,89
18112316,PCIex16,1,90
18112316,PCIex16(at x4),2,90
18060383,PCIex16,1,91
18060383,PCIex16(at x4),1,91
18060383,PCIex16(at x1),1,91
18060383,PCIex1,1,91
18312236,PCIex16,1,92
18312236,PCIex16(at x4),2,92
18021440,PCIex16,1,93
18021440,PCIex16(at x4),1,93
18021440,PCIex1,1,93
18993305,PCIex16,1,94
18993305,PCIex16(at x4),1,94
8542328,PCIex16,3,95
8542328,PCIex1,1,95
17917991,PCIex16,1,96
17917991,PCIex16(at x4),1,96
17917991,PCIex16(at x2),1,96
17917991,PCIex1,1,96
17926781,PCIex16,1,97
17926781,PCIex16(at x4),1,97
17926781,PCIex4,1,97
18421946,PCIex16,1,98
18421946,PCIex16(at x4),1,98
18421946,PCIex1,1,98
18652874,PCIex16,1,99
18652874,PCIex16(at x4),1,99
18652874,PCIex1,1,99
16134440,PCIex16,1,100
16134440,PCIex1,2,100
19704527,PCIex16,1,101
19704527,PCIex16(at x4),1,101
19704527,PCIex16(at x1),1,101
18662789,PCIex16,1,102
16301462,PCIex16,2,103
17970338,PCIex16,1,104
17970338,PCIex16(at x4),1,104
18650483,PCIex16,1,105
18650483,PCIex1,2,105
17971604,PCIex16,1,106
17971604,PCIex16(at x4),1,106
17971604,PCIex1,2,106
19704017,PCIex16,1,107
18044582,PCIex16,1,108
18044582,PCIex16(at x4),2,108
18044582,PCIex1,2,108
16153055,PCIex16,3,109
12022880,PCIex16,1,110
18420125,PCIex16,1,111
18420125,PCIex1,1,111
18662669,PCIex16,1,112
18662669,PCIex16(at x4),1,112
18662669,PCIex1,2,112
19692893,PCIex16,1,113
19692893,PCIex1,1,113
21386576,PCIex16,1,114
21386576,PCIex1,1,114
21596222,PCIex16,1,115
21596222,PCIex16(at x4),2,115
21596222,PCIex1,2,115
16814663,PCIex16,2,116
16814663,PCIex1,1,116
18021491,PCIex16,1,117
18021491,PCIex16(at x4),1,117
18021491,PCIex1,1,117
15617057,PCIex16,2,118
15617057,PCIex4,1,118
15617057,PCIex1,1,118
11751599,PCIex16,2,119
11751599,PCIex1,1,119
19754957,PCIex16,1,120
19754957,PCIex1,1,120
17926772,PCIex16,1,121
17926772,PCIex16(at x4),2,121
17926772,PCIex1,1,121
6914983,PCIex16,1,122
6914983,PCIex8,1,122
6914983,PCI,2,122
18044567,PCIex16,1,123
18044567,PCIex16(at x4),1,123
18044567,PCIex1,2,123
18157412,PCIex16,1,124
18157412,PCIex1,1,124
18274538,PCIex16,1,125
18274538,PCIex16(at x4),1,125
18274538,PCIex16(at x2),1,125
19936247,PCIex16,1,126
19936247,PCIex1,2,126
11574545,PCIex16,1,127
11574545,PCIex1,2,127
27475169,PCIex16,1,128
27475169,PCIex16(at x4),1,128
27475169,PCIex16(at x1),1,128
27475169,PCIex1,1,128
19995881,PCIex16,1,129
18780872,PCIex16,1,130
18780872,PCIex16(at x1),2,130
20079428,PCIex16,1,131
20079428,PCIex16(at x4),2,131
20079428,PCIex1,1,131
19090373,PCIex16,1,132
19090373,PCIex16(at x4),1,132
20760632,PCIex16,1,133
20760632,PCIex16(at x4),2,133
27499739,PCIex16,1,134
27499739,PCIex1,2,134
17847224,PCIex16,1,135
17847224,PCIex1,1,135
18007499,PCIex16,1,136
18007499,PCIex16(at x4),1,136
28010348,PCIex16,1,137
28010348,PCIex1,1,137
19725299,PCIex16,1,138
19725299,PCIex1,1,138
27634559,PCIex16,1,139
27634559,PCIex1,2,139
20287199,PCIex16,1,141
20287199,PCIex16(at x1),3,141
16314863,PCIex16,1,142
16314863,PCIex1,1,142
18651329,PCIex16,1,143
18651329,PCIex16(at x1),1,143
16089554,PCIex16,2,144
16089554,PCIex1,1,144
17925728,PCIex16,1,145
17925728,PCIex16(at x4),1,145
18663455,PCIex16,1,146
18663455,PCIex1,1,146
21759887,PCIex16,1,147
21759887,PCIex1,1,147
20710217,PCIex16,1,148
20710217,PCIex1,2,148
17353070,PCIex16,1,149
17353070,PCIex1,1,149
18265187,PCIex16,1,150
18265187,PCIex16(at x4),1,150
18265187,PCIex16(at x1),1,150
18265187,PCIex1,1,150
11575373,PCIex16,2,151
11575373,PCIex1,1,151
18060395,PCIex16,1,152
18060395,PCIex16(at x4),1,152
18060395,PCIex1,1,152
20182508,PCIex16,1,153
20182508,PCIex16(at x4),1,153
11764859,PCIex16,2,154
11764859,PCIex1,2,154
19830806,PCIex16,1,155
18652601,PCIex16,1,156
18652601,PCIex1,1,156
18265715,PCIex16,1,157
18265715,PCIex16(at x4),1,157
18265715,PCIex1,2,157
19925807,PCIex16,1,158
19925807,PCIex1,2,158
19170107,PCIex16,1,159
19170107,PCIex1,1,159
18189497,PCIex16,1,160
18189497,PCIex16(at x1),2,160
18059252,PCIex16,1,161
18059252,PCIex16(at x4),2,161
18059252,PCIex1,1,161
27475223,PCIex16,1,162
27475223,PCIex16(at x4),2,162
27475223,PCIex1,1,162
18060356,PCIex16,1,163
18060356,PCIex16(at x4),1,163
18060356,PCIex1,2,163
19705316,PCIex16,1,164
19705316,PCIex1,1,164
21428693,PCIex16,1,165
21428693,PCIex1,1,165
19756199,PCIex16,1,166
19756199,PCIex16(at x4),1,166
19756199,PCIex1,2,166
16103177,PCIex16,1,167
16103177,PCIex1,1,167
19999916,PCIex16,1,168
19999916,PCIex1,1,168
19755890,PCIex16,1,169
19755890,PCIex1,2,169
18021842,PCIex16,1,170
18021842,PCIex16(at x4),1,170
18021842,PCIex1,2,170
8542178,PCIex16,2,171
8542178,PCIex1,3,171
18295433,PCIex16,1,172
18295433,PCIex16(at x4),2,172
18054881,PCIex16,1,173
18054881,PCIex16(at x4),3,173
18054881,PCIex1,1,173
19834694,PCIex16,1,174
19834694,PCIex1,1,174
19924310,PCIex16,1,175
19924310,PCIex1,2,175
15618923,PCIex16,3,176
15618923,PCIex1,1,176
17831615,PCIex16,1,177
17831615,PCIex1,1,177
17915426,PCIex16,1,178
17915426,PCIex16(at x4),1,178
17915426,PCIex16(at x2),1,178
18874781,PCIex16,1,179
18874781,PCIex16(at x4),1,179
18874781,PCIex1,1,179
17926658,PCIex16,1,180
17926658,PCIex16(at x4),1,180
17926658,PCIex16(at x2),1,180
19926059,PCIex16,1,181
19926059,PCIex1,2,181
18261245,PCIex16,1,182
18261245,PCIex16(at x4),1,182
18261245,PCIex16(at x1),1,182
18261245,PCIex1,1,182
18781991,PCIex16,1,183
18781991,PCIex1,2,183
18652889,PCIex16,1,184
18652889,PCIex1,2,184
11649263,PCIex16,2,185
11649263,PCIex1,1,185
19306598,PCIex16,1,186
19306598,PCIex16(at x4),1,186
19306598,PCIex1,2,186
21731021,PCIex16,1,187
21731021,PCIex1,1,187
12121013,PCIex16,1,188
21627827,PCIex16,1,189
21627827,PCIex16(at x4),1,189
20612690,PCIex16,1,190
20612690,PCIex1,1,190
20612690,PCI,1,190
18204425,PCIex16,1,191
18204425,PCIex16(at x4),1,191
18204425,PCIex16(at x2),1,191
18652868,PCIex16,1,192
18652868,PCIex16(at x4),1,192
18652868,PCIex1,1,192
19619507,PCIex16,1,193
19619507,PCIex1,1,193
14005334,PCIex16,1,194
14005334,PCIex1,1,194
20505392,PCIex16,1,195
21628184,PCIex16,1,196
21628184,PCIex16(at x4),1,196
18412733,PCIex16,1,197
18412733,PCIex16(at x1),1,197
18412733,PCIex1,1,197
18412733,PCI,1,197
18670778,PCIex16,1,198
18670778,PCIex1,1,198
16103219,PCIex16,3,199
18112607,PCIex16,1,200
18112607,PCIex16(at x4),1,200
18112607,PCIex16(at x1),1,200
18060878,PCIex16,1,201
18060878,PCIex1,1,201
18403334,PCIex16,1,202
18403334,PCIex1,1,202
19772375,PCIex16,1,203
19772375,PCIex16(at x4),1,203
19772375,PCIex16(at x1),1,203
20444672,PCIex16,1,204
20444672,PCIex16(at x4),1,204
18007478,PCIex16,1,205
18007478,PCIex16(at x4),1,205
18007478,PCIex1,1,205
18652883,PCIex16,1,206
18652883,PCIex16(at x4),1,206
18652883,PCIex1,1,206
17667608,PCIex16,5,207
18336908,PCIex16,1,208
18336908,PCIex16(at x4),1,208
27698261,PCIex16,1,209
27698261,PCIex1,1,209
18113240,PCIex16,1,210
18113240,PCIex1,1,210
28127945,PCIex16,1,211
28127945,PCIex16(at x4),1,211
28127945,PCIex1,1,211
18044558,PCIex16,1,212
18044558,PCIex16(at x4),1,212
18044558,PCIex1,2,212
17929595,PCIex16,1,213
17929595,PCIex16(at x4),1,213
17929595,PCIex1,1,213
16097975,PCIex16,2,214
16097975,PCIex1,3,214
21482249,PCIex16,1,215
21482249,PCIex1,2,215
19903640,PCIex16,1,216
19903640,PCIex16(at x4),1,216
19903640,PCIex1,1,216
16827602,PCIex16,1,217
17926670,PCIex16,1,218
17926670,PCIex16(at x4),1,218
17926670,PCIex16(at x1),1,218
17926670,PCIex1,1,218
17926799,PCIex16,1,219
17926799,PCIex16(at x4),1,219
17926799,PCIex4,1,219
12092663,PCIex16,1,220
12092663,PCIex1,1,220
27474755,PCIex16,1,221
27474755,PCIex16(at x4),1,221
27474755,PCIex1,1,221
27779696,PCIex16,1,222
27779696,PCIex1,1,222
19572686,PCIex16,1,223
19572686,PCIex16(at x4),1,223
19572686,PCIex1,1,223
17910983,PCIex16,1,224
17910983,PCIex1,2,224
8507295,PCIex16,3,225
8507295,PCIex1,2,225
19691621,PCIex16,1,226
19691621,PCIex16(at x1),2,226
18813608,PCIex16,1,227
18813608,PCIex1,2,227
19648718,PCIex16,1,228
19648718,PCIex16(at x4),1,228
19648718,PCIex1,1,228
17926796,PCIex16,1,229
18265439,PCIex16,1,230
18265439,PCIex16(at x4),1,230
18265439,PCIex1,1,230
18094733,PCIex16,1,231
18154367,PCIex16,1,232
18154367,PCIex16(at x1),2,232
18060386,PCIex16,1,233
18060386,PCIex16(at x4),1,233
18060386,PCIex1,1,233
20318291,PCIex16,1,234
20318291,PCIex16(at x2),1,234
20318291,PCIex1,2,234
17926787,PCIex16,1,235
17926787,PCIex16(at x4),1,235
17926787,PCIex16(at x1),1,235
16500779,PCIex16,1,236
18186989,PCIex16,1,237
18186989,PCIex16(at x1),2,237
16262660,PCIex16,2,238
16262660,PCIex1,1,238
18154397,PCIex16,1,239
18154397,PCIex16(at x4),1,239
18154397,PCIex1,2,239
19827944,PCIex16,1,240
19827944,PCIex1,2,240
18652880,PCIex16,1,241
18652880,PCIex16(at x4),1,241
18652880,PCIex1,1,241
17926790,PCIex16,1,242
20108249,PCIex1,2,243
20506130,PCIex16,1,244
20506130,PCIex1,2,244
16882091,PCIex16,2,245
16882091,PCIex1,1,245
17926637,PCIex16,1,246
17125895,PCIex16,3,247
17125895,PCIex1,1,247
20120033,PCIex16,1,248
20120033,PCIex1,2,248
21497582,PCIex16,1,249
21497582,PCIex1,1,249
20013098,PCIex16,1,250
20013098,PCIex16(at x4),2,250
20013098,PCIex1,1,250
17926661,PCIex16,1,251
17926661,PCIex16(at x4),1,251
17926661,PCIex16(at x2),1,251
20462924,PCIex16,1,252
20462924,PCIex1,1,252
13158384,PCIex16,1,253
13158384,PCIex16(at x4),1,253
16102988,PCIex16,2,254
16102988,PCIex1,1,254
20027564,PCIex16,1,255
20027564,PCIex1,1,255
12077093,PCIex16,1,256
12077093,PCIex1,2,256
21400361,PCIex16,1,257
21400361,PCIex1,2,257
18052667,PCIex16,1,258
18052667,PCIex16(at x4),1,258
13562387,PCIex16,7,259
20471945,PCIex16,1,260
19927037,PCIex16,1,261
19927037,PCIex1,2,261
27634160,PCIex16,1,262
27634160,PCIex1,1,262
27546074,PCIex16,1,263
27546074,PCIex1,1,263
19556996,PCIex16,2,264
19556996,PCIex16(at x4),2,264
19556996,PCIex1,1,264
18044417,PCIex16,1,265
18044417,PCIex16(at x4),1,265
18044417,PCIex4,1,265
18044417,PCIex1,2,265
21695969,PCIex16,1,266
21695969,PCIex1,1,266
12060293,PCIex16,1,267
12060293,PCIex1,2,267
20178734,PCIex16,1,268
20178734,PCIex1,1,268
17971199,PCIex16,1,269
17971199,PCIex16(at x4),1,269
17971199,PCIex1,2,269
19098683,PCIex16,1,270
19098683,PCIex16(at x4),1,270
18474035,PCIex16,1,271
20171636,PCIex16,1,272
20171636,PCIex1,2,272
20524469,PCIex16,1,273
20524469,PCIex16(at x4),1,273
17926769,PCIex16,1,274
5143863,PCIex16,1,275
5143863,PCIex1,2,275
20280200,PCIex16,1,276
20280200,PCIex1,1,276
18650078,PCIex16,1,277
18650078,PCIex16(at x4),1,277
6024335,PCIex16,1,278
6024335,PCIex1,2,278
18967931,PCIex16,1,279
18967931,PCIex16(at x4),2,279
18967931,PCIex1,2,279
13844039,PCIex16,2,280
13844039,PCIex1,1,280
18652196,PCIex16,1,281
18652196,PCIex1,1,281
20126900,PCIex16,1,282
20126900,PCIex1,2,282
20126900,PCI,1,282
20405063,PCIex16,1,283
20405063,PCIex16(at x4),1,283
20405063,PCIex1,1,283
18652586,PCIex16,1,284
18652586,PCIex1,1,284
18718829,PCIex16,1,285
18718829,PCIex16(at x4),1,285
18718829,PCIex1,1,285
12629378,PCIex16,2,286
12629378,PCIex1,1,286
18059516,PCIex16,1,287
18059516,PCIex16(at x4),2,287
18059516,PCIex1,1,287
18646550,PCIex16,1,288
18646550,PCIex1,1,288
18254819,PCIex16,1,289
18254819,PCIex16(at x4),1,289
18153362,PCIex16,1,290
18153362,PCIex16(at x4),1,290
19163258,PCIex16,1,291
19163258,PCIex16(at x1),2,291
18716924,PCIex16,1,292
19242146,PCIex16,1,293
19242146,PCIex1,1,293
18652151,PCIex16,1,294
18652151,PCIex16(at x4),1,294
18652151,PCIex16(at x1),1,294
18652151,PCIex1,1,294
13746323,PCIex16,3,295
13746323,PCIex1,2,295
20530115,PCIex16,1,296
20530115,PCIex16(at x4),1,296
27409910,PCIex16,1,297
27409910,PCIex1,1,297
18052340,PCIex16,1,298
18052340,PCIex16(at x4),1,298
18052340,PCIex1,3,298
18059699,PCIex16,1,299
17926778,PCIex16,1,300
17926778,PCIex16(at x2),1,300
17929628,PCIex16,1,301
18044519,PCIex16,1,302
18044519,PCIex16(at x4),1,302
18044519,PCIex1,1,302
7452148,PCIex16,1,303
7452148,PCIex4,1,303
7452148,PCIex1,1,303
18781067,PCIex16,1,304
18781067,PCIex16(at x1),2,304
18058475,PCIex16,1,305
18058475,PCIex16(at x4),1,305
18058475,PCIex4,1,305
18058475,PCIex1,2,305
18052067,PCIex16,1,306
18052067,PCIex16(at x4),1,306
18052067,PCIex1,2,306
16103105,PCIex16,2,307
16103105,PCIex1,1,307
18967898,PCIex16,1,308
18967898,PCIex16(at x4),2,308
18967898,PCIex1,2,308
16095767,PCIex16,1,309
16095767,PCIex1,1,309
19608629,PCIex16,1,310
19608629,PCIex16(at x4),1,310
19608629,PCIex1,1,310
17926424,PCIex16,1,311
17926424,PCIex1,2,311
18254966,PCIex16,1,312
18254966,PCIex16(at x4),2,312
18254966,PCIex1,1,312
19903481,PCIex16,1,313
19903481,PCIex16(at x4),1,313
19903481,PCIex1,2,313
18330392,PCIex16,1,314
18330392,PCIex16(at x4),2,314
25129808,PCIex16,6,315
25208807,PCIex16,4,316
21574646,PCIex16,1,317
21574646,PCIex1,2,317
18060392,PCIex16,1,318
18060374,PCIex16,1,319
18060374,PCIex16(at x4),1,319
18060374,PCIex16(at x2),1,319
27157916,PCIex16,1,320
27157916,PCIex16(at x4),2,320
27157916,PCIex1,2,320
18718865,PCIex16,1,321
18718865,PCIex16(at x4),2,321
20079008,PCIex16,1,322
20079008,PCIex16(at x4),1,322
20079008,PCIex16(at x1),2,322
19627397,PCIex16,2,323
19627397,PCIex1,1,323
27632780,PCIex16,1,324
27632780,PCIex16(at x4),1,324
27632780,PCIex1,1,324
17926757,PCIex16,1,325
18403331,PCIex16,1,326
18403331,PCIex1,1,326
18044522,PCIex16,1,327
18044522,PCIex16(at x4),1,327
18044522,PCIex1,1,327
16103102,PCIex16,2,328
16103102,PCIex1,1,328
17793371,PCIex16,1,329
17793371,PCIex1,1,329
19566989,PCIex16,1,330
19566989,PCIex16(at x4),1,330
19566989,PCIex1,3,330
12797720,PCIex16,1,331
12797720,PCIex1,1,331
18060353,PCIex16,1,332
18060353,PCIex16(at x4),1,332
18060353,PCIex1,2,332
18652886,PCIex16,1,333
18652886,PCIex1,1,333
19772675,PCIex16,1,334
19772675,PCIex16(at x4),1,334
19772675,PCIex1,2,334
19938515,PCIex16,1,335
19938515,PCIex1,1,335
19772732,PCIex16,1,336
19772732,PCIex16(at x4),1,336
19772732,PCIex1,1,336
19606709,PCIex16,1,337
19606709,PCIex16(at x4),1,337
19606709,PCIex1,2,337
5064931,PCIex16,1,338
5064931,PCIex1,2,338
18646934,PCIex16,1,339
18646934,PCIex1,1,339
16099889,PCIex16,1,340
7015291,PCIex16,2,341
7015291,PCIex1,4,341
18650654,PCIex16,1,342
18650654,PCIex16(at x1),2,342
17926751,PCIex16,1,343
19673210,PCIex16,1,344
19673210,PCIex16(at x4),1,344
19673210,PCIex16(at x1),1,344
18725312,PCIex16,1,345
18725312,PCIex1,2,345
13653038,PCIex16,1,346
13653038,PCIex1,1,346
18000098,PCIex16,1,347
18000098,PCIex16(at x4),2,347
18000098,PCIex1,1,347
18651545,PCIex16,1,348
18651545,PCIex16(at x4),1,348
12130286,PCIex16,1,349
12130286,PCIex1,1,349
18044462,PCIex16,1,350
18044462,PCIex16(at x4),1,350
18044462,PCIex4,1,350
18044462,PCIex1,2,350
17970548,PCIex16,1,351
17970548,PCIex16(at x4),1,351
17970548,PCIex16(at x1),1,351
27629561,PCIex16,1,352
27629561,PCIex1,2,352
11825848,PCIex16,2,353
11825848,PCIex1,1,353
18375494,PCIex16,1,354
18255077,PCIex16,1,355
18255077,PCIex16(at x4),2,355
18255077,PCIex1,1,355
18053897,PCIex16,1,356
18053897,PCIex16(at x4),2,356
18053897,PCIex1,1,356
18060389,PCIex16,1,357
18060389,PCIex16(at x4),1,357
18060389,PCIex1,1,357
18060371,PCIex16,1,358
19670843,PCIex16,1,359
19670843,PCIex1,2,359
19670843,PCI,1,359
17926748,PCIex16,1,360
17926748,PCIex16(at x4),1,360
17926748,PCIex16(at x1),1,360
18052997,PCIex16,1,361
18060380,PCIex16,1,362
18060380,PCIex16(at x4),1,362
18060380,PCIex16(at x1),1,362
18060380,PCIex1,1,362
19605602,PCIex16,1,363
19605602,PCIex16(at x4),1,363
19605602,PCIex16(at x1),1,363
13289171,PCIex16,2,364
13289171,PCIex1,1,364
18725876,PCIex16,1,365
18725876,PCIex16(at x4),1,365
18725876,PCIex1,1,365
18918575,PCIex16,1,366
18918575,PCIex16(at x4),1,366
18918575,PCIex1,1,366
17792948,PCIex16,1,367
17792948,PCIex1,1,367
17971259,PCIex16,1,368
17971259,PCIex16(at x4),1,368
17971259,PCIex1,1,368
18725831,PCIex16,1,369
18725831,PCIex16(at x4),1,369
18725831,PCIex1,1,369
9500100,PCIex16,3,370
9500100,PCIex1,3,370
20505809,PCIex16,1,371
18060362,PCIex16,1,372
18060362,PCIex16(at x4),1,372
18060362,PCIex1,3,372
16102367,PCIex16,1,373
16102367,PCIex1,1,373
18060347,PCIex16,1,374
18060347,PCIex16(at x4),1,374
18060347,PCIex16(at x1),1,374
19429325,PCIex16,1,375
19429325,PCIex16(at x4),1,375
19429325,PCIex1,2,375
18169370,PCIex16,1,376
18169370,PCIex16(at x4),1,376
11571272,PCIex16,2,377
11571272,PCIex1,3,377
18815243,PCIex16,1,378
18815243,PCIex16(at x1),2,378
11574341,PCIex16,2,379
11574341,PCIex1,3,379
21755828,PCIex16,1,380
21755828,PCIex16(at x4),1,380
19356875,PCIex16,1,381
19356875,PCIex1,1,381
13154493,PCIex16,1,382
13154493,PCIex1,2,382
18295808,PCIex16,1,383
18295808,PCIex16(at x4),2,383
27572138,PCIex16,1,384
27572138,PCIex1,1,384
19607402,PCIex16,1,385
19607402,PCIex16(at x4),1,385
19607402,PCIex1,1,385
18255188,PCIex16,1,386
16103138,PCIex16,1,387
16103138,PCIex1,1,387
18140852,PCIex16,1,388
18140852,PCIex16(at x4),1,388
18140852,PCIex1,1,388
12086510,PCIex16,1,389
12086510,PCIex1,1,389
21518960,PCIex16,2,390
21518960,PCIex16(at x4),1,390
19903283,PCIex16,1,391
19903283,PCIex16(at x4),1,391
19903283,PCIex1,2,391
18052460,PCIex16,1,392
18052460,PCIex16(at x4),1,392
18052460,PCIex1,1,392
17926742,PCIex16,1,393
17926742,PCIex16(at x4),1,393
17926742,PCIex4,1,393
19756130,PCIex16,1,394
19756130,PCIex16(at x4),1,394
19756130,PCIex1,2,394
17926775,PCIex16,1,395
17926775,PCIex16(at x4),2,395
17926775,PCIex1,1,395
20317796,PCIex16,1,396
20317796,PCIex16(at x4),1,396
20317796,PCIex1,1,396
27675110,PCIex16,1,397
27675110,PCIex1,1,397
18981086,PCIex16,1,398
18981086,PCIex16(at x1),2,398
28029617,PCIex16,1,399
28029617,PCIex1,1,399
16103186,PCIex16,2,400
16103186,PCIex1,2,400
18039902,PCIex16,1,401
18039902,PCIex16(at x4),2,401
17847248,PCIex16,1,402
17847248,PCIex1,1,402
18663521,PCIex16,1,403
18663521,PCIex16(at x4),1,403
20014406,PCIex16,1,404
20014406,PCIex16(at x4),1,404
20014406,PCIex16(at x1),2,404
17926736,PCIex16,1,405
17926736,PCIex16(at x2),1,405
19427744,PCIex16,1,406
19427744,PCIex16(at x4),1,406
19427744,PCIex1,2,406
20140877,PCIex16,1,407
20140877,PCIex1,2,407
18646154,PCIex16,1,408
18646154,PCIex1,1,408
19691519,PCIex16,1,409
19691519,PCIex16(at x1),2,409
18651404,PCIex16,1,410
18651404,PCIex16(at x1),2,410
16260506,PCIex16,1,411
16260506,PCIex1,1,411
18192749,PCIex16,2,412
18192749,PCIex4,1,412
18192749,PCIex1,1,412
19996577,PCIex16,1,413
19996577,PCIex16(at x1),2,413
18060368,PCIex16,1,414
18060368,PCIex16(at x4),1,414
18254912,PCIex16,1,415
18254912,PCIex16(at x4),2,415
18254912,PCIex1,1,415
18060365,PCIex16,1,416
18060365,PCIex16(at x4),1,416
18060365,PCIex1,1,416
17971202,PCIex16,1,417
17971202,PCIex16(at x4),1,417
17971202,PCIex1,1,417
25866491,PCIex16,1,418
25866491,PCIex1,1,418
20343650,PCIex16,1,419
20343650,PCIex1,2,419
20317493,PCIex16,1,420
20317493,PCIex1,2,420
16314473,PCIex16,1,421
16314473,PCIex1,1,421
20536331,PCIex16,1,422
20536331,PCIex1,2,422
20536331,PCI,1,422
6051885,PCIex16,1,423
6051885,PCIex1,1,423
18652904,PCIex16,1,424
18652904,PCIex16(at x4),1,424
18652904,PCIex1,1,424
11337861,PCIex16,1,425
14348456,PCIex16,3,426
14348456,PCIex1,2,426
19995209,PCIex16,1,427
19772489,PCIex16,1,428
19772489,PCIex16(at x4),1,428
19772489,PCIex16(at x1),1,428
16103126,PCIex16,2,429
16103126,PCIex1,2,429
17971247,PCIex16,1,430
17971247,PCIex16(at x4),1,430
17971247,PCIex1,1,430
18054518,PCIex16,1,431
18054518,PCIex16(at x4),1,431
18054518,PCIex1,2,431
19608158,PCIex16,1,432
19608158,PCIex16(at x4),1,432
19608158,PCIex1,1,432
18059426,PCIex16,1,433
18059426,PCIex16(at x4),2,433
18059426,PCIex1,1,433
12940763,PCIex1,1,434
18645974,PCIex16,1,435
18645974,PCIex16(at x4),1,435
18645974,PCIex16(at x1),1,435
18645974,PCIex1,1,435
18450659,PCIex16,1,436
18450659,PCIex16(at x4),1,436
18450659,PCIex16(at x1),1,436
19610558,PCIex16,1,437
19610558,PCIex1,1,437
18652901,PCIex16,1,438
18652901,PCIex16(at x4),1,438
18652901,PCIex16(at x1),1,438
18652901,PCIex1,2,438
18645065,PCIex16,1,439
18645065,PCIex16(at x4),1,439
18645065,PCIex1,1,439
18725330,PCIex16,1,440
18725330,PCIex16(at x4),1,440
18725330,PCIex1,2,440
27636314,PCIex16,1,441
27636314,PCIex16(at x4),1,441
19606931,PCIex16,1,442
19606931,PCIex16(at x4),1,442
19606931,PCIex1,2,442
18060779,PCIex16,1,443
18060779,PCIex16(at x4),1,443
18060779,PCIex1,1,443
13154523,PCIex16,1,444
13154523,PCIex16(at x4),1,444
13154523,PCIex16(at x1),1,444
13154523,PCIex1,1,444
20013806,PCIex16,1,445
20013806,PCIex16(at x4),1,445
20013806,PCIex1,1,445
17968601,PCIex16,4,446
17968601,PCIex8,3,446
27635057,PCIex16,1,447
27635057,PCIex16(at x4),1,447
27635057,PCIex1,3,447
20103287,PCIex16,1,448
20103287,PCIex16(at x4),1,448
19622384,PCIex16,1,449
19622384,PCIex1,2,449
19622384,PCI,1,449
17697992,PCIex16,1,450
18652898,PCIex16,1,451
18652898,PCIex16(at x4),1,451
18652898,PCIex16(at x1),1,451
18044549,PCIex16,1,452
18044549,PCIex16(at x4),1,452
18044549,PCIex1,2,452
18128375,PCIex16,1,453
18128375,PCIex16(at x4),1,453
18128375,PCIex1,2,453
18652253,PCIex16,1,454
18652253,PCIex16(at x4),1,454
18652253,PCIex1,1,454
18300131,PCIex16,1,455
18300131,PCIex16(at x4),1,455
18300131,PCIex1,1,455
12689597,PCIex16,3,456
12689597,PCIex4,1,456
12689597,PCIex1,1,456
18652442,PCIex16,1,457
18652442,PCIex1,2,457
13158504,PCIex16,1,458
13158504,PCIex16(at x4),1,458
13158504,PCIex1,1,458
18140294,PCIex16,1,459
18140294,PCIex16(at x1),2,459
18000254,PCIex16,1,460
18000254,PCIex16(at x4),2,460
18000254,PCIex1,1,460
19673975,PCIex1,1,461
18007490,PCIex16,1,462
18645737,PCIex16,1,463
18645737,PCIex16(at x4),1,463
18645737,PCIex1,1,463
18651962,PCIex16,1,464
18651962,PCIex16(at x4),1,464
18651962,PCIex16(at x1),1,464
16103129,PCIex16,2,465
16103129,PCIex1,2,465
18060377,PCIex16,1,466
18060377,PCIex16(at x4),2,466
18060377,PCIex1,1,466
8654246,PCIex16,5,467
8654246,PCIex8,2,467
16455641,PCIex16,1,468
16455641,PCIex16(at x4),1,468
16455641,PCIex1,2,468
16260212,PCIex16,2,469
16260212,PCIex1,2,469
18649769,PCIex16,1,470
18649769,PCIex16(at x1),1,470
18652511,PCIex16,1,471
18652511,PCIex1,2,471
18054248,PCIex16,1,472
18054248,PCIex16(at x4),1,472
18054248,PCIex16(at x1),1,472
15614984,PCIex16,3,473
19556108,PCIex16,7,474
15215861,PCIex16,2,475
15215861,PCIex1,1,475
16125881,PCIex16,2,476
16125881,PCIex1,2,476
18710297,PCIex16,1,477
18710297,PCIex16(at x4),1,477
18710297,PCIex1,2,477
16103087,PCIex16,2,478
16103087,PCIex1,2,478
16099766,PCIex16,2,479
16099766,PCIex1,2,479
18348485,PCIex16,1,480
18348485,PCIex16(at x4),1,480
18348485,PCIex1,2,480
17971196,PCIex16,1,481
17971196,PCIex16(at x2),1,481
17971196,PCIex1,1,481
18485645,PCIex16,1,482
18485645,PCIex16(at x4),1,482
18485645,PCIex1,2,482
20101856,PCIex16,1,483
20101856,PCIex1,1,483
18057965,PCIex16,1,484
18057965,PCIex16(at x4),1,484
18057965,PCIex1,2,484
18274787,PCIex16,1,485
18274787,PCIex16(at x4),1,485
18274787,PCIex1,1,485
9511734,PCIex16,3,486
9511734,PCIex1,2,486
14836523,PCIex16,1,487
14836523,PCIex1,1,487
18662558,PCIex16,1,488
18662558,PCIex16(at x4),1,488
18662558,PCIex1,2,488
18652895,PCIex16,1,489
18652895,PCIex1,2,489
19772603,PCIex16,1,490
19772603,PCIex16(at x4),1,490
19772603,PCIex1,2,490
17403119,PCIex16,1,491
17403119,PCIex1,1,491
18725357,PCIex16,1,492
19556732,PCIex16,2,493
19556732,PCIex16(at x4),2,493
19556732,PCIex1,1,493
18647414,PCIex16,1,494
18662405,PCIex16,1,495
18662405,PCIex16(at x4),1,495
18662405,PCIex1,2,495
12048893,PCIex16,1,496
12048893,PCIex16(at x4),1,496
12048893,PCIex1,3,496
27635753,PCIex16,1,497
27635753,PCIex16(at x4),1,497
27635753,PCIex16(at x2),1,497
17617955,PCIex16,1,498
17617955,PCIex1,1,498
16099739,PCIex16,2,499
16099739,PCIex1,2,499
18719444,PCIex16,1,500
18719444,PCIex16(at x4),1,500
18719444,PCIex1,2,500
13139136,PCIex16,1,501
13139136,PCIex16(at x4),1,501
13139136,PCIex4,1,501
21628397,PCIex16,2,502
21628397,PCIex16(at x4),1,502
17831603,PCIex16,1,503
17831603,PCIex1,1,503
20524634,PCIex16,1,504
20524634,PCIex1,1,504
20079251,PCIex16,1,505
20079251,PCIex16(at x4),1,505
20079251,PCIex1,1,505
19555430,PCIex16,1,506
19555430,PCIex8,1,506
18060359,PCIex16,1,507
18060359,PCIex16(at x4),1,507
18060359,PCIex1,3,507
13924289,PCIex16,3,508
13924289,PCIex1,2,508
18725342,PCIex16,1,509
18725342,PCIex16(at x4),1,509
18725342,PCIex1,2,509
11570354,PCIex16,1,510
11570354,PCIex1,2,510
18052283,PCIex16,1,511
18052283,PCIex16(at x4),1,511
18052283,PCIex1,3,511
18060821,PCIex16,1,512
18060821,PCIex16(at x4),1,512
5857728,PCIex16,4,513
5857728,PCIex4,1,513
18412718,PCIex16,1,514
18412718,PCIex1,1,514
18412718,PCI,1,514
18169559,PCIex16,1,515
18169559,PCIex16(at x4),2,515
18169559,PCIex1,1,515
3226637,PCIex8,2,516
3226637,PCIex1,1,516
20140688,PCIex16,1,517
20140688,PCIex1,2,517
27633896,PCIex16,1,518
27633896,PCIex16(at x4),1,518
27633896,PCIex16(at x1),1,518
27633896,PCIex1,1,518
18262592,PCIex16,2,519
18262592,PCIex1,1,519
6914917,PCIex16,1,520
6914917,PCIex8,1,520
6914917,PCI,1,520
19868960,PCIex16,1,521
19868960,PCIex1,1,521
19649354,PCIex16,1,522
19649354,PCIex16(at x2),1,522
19649354,PCIex1,1,522
19927871,PCIex16,1,523
16103114,PCIex16,2,524
16103114,PCIex1,2,524
16103234,PCIex16,3,525
16427216,PCIex16,2,526
16427216,PCIex1,1,526
15603704,PCIex16,3,527
25638305,PCIex16,2,528
25638305,PCIex16(at x4),1,528
9647316,PCIex16,3,529
9647316,PCIex1,2,529
15616787,PCIex16,3,530
12060863,PCIex16,1,531
12060863,PCIex1,2,531
5857774,PCIex16,7,532
18054935,PCIex16,1,533
18054935,PCIex16(at x4),1,533
18054935,PCIex1,2,533
9302775,PCIex16,1,534
9302775,PCIex1,1,534
18169490,PCIex16,1,535
18169490,PCIex16(at x4),2,535
18169490,PCIex1,1,535
20471387,PCIex16,1,537
20471387,PCIex16(at x4),1,537
18815033,PCIex16,1,538
18815033,PCIex16(at x1),2,538
12065594,PCIex16,1,539
12065594,PCIex1,2,539
2494395,PCIex16,1,540
2494395,PCIex1,2,540
16098902,PCIex16,2,541
16098902,PCIex1,1,541
16824314,PCIex16,2,542
16824314,PCIex1,1,542
16285538,PCIex16,2,543
16285538,PCIex1,1,543
17847254,PCIex16,1,544
17847254,PCIex1,1,544
17847233,PCIex16,1,545
17847233,PCIex1,1,545
13191455,PCIex16,1,546
13191455,PCIex16(at x4),1,546
13191455,PCIex1,3,546
13628021,PCIex16,1,547
13628021,PCIex1,1,547
12130319,PCIex16,1,548
12130319,PCIex1,1,548
6016659,PCIex16,1,549
6016659,PCIex4,1,549
6016659,PCIex1,4,549
6016659,PCI,1,549
18716867,PCIex16,1,550
18716867,PCIex16(at x4),1,550
18716867,PCIex1,2,550
17541941,PCIex16,1,551
17541941,PCIex1,2,551
17541941,PCI,1,551
28059134,PCIex16,1,552
28059134,PCIex1,1,552
17971205,PCIex16,1,553
17971205,PCIex16(at x4),1,553
17971205,PCIex1,1,553
11398728,PCIex16,1,554
11319750,PCIex16,1,555
15722276,PCIex16,2,556
15722276,PCIex1,3,556
8513403,PCIex16,3,557
8513403,PCIex1,1,557
20012147,PCIex16,1,558
20012147,PCIex16(at x4),1,558
20012147,PCIex1,2,558
15755711,PCIex16,2,559
15755711,PCIex1,3,559
18021965,PCIex16,1,560
18021965,PCIex16(at x4),2,560
18021965,PCIex1,2,560
13830011,PCIex16,1,561
13830011,PCIex1,1,561
19725047,PCIex16,1,562
19725047,PCIex1,2,562
19725047,PCI,1,562
16167980,PCIex16,2,563
16167980,PCIex1,1,563
25213067,PCIex16,1,564
25213067,PCIex1,1,564
19753526,PCIex1,1,565
17971193,PCIex16,1,566
17971193,PCIex16(at x4),1,566
19431530,PCIex16,1,567
19431530,PCIex1,1,567
12761789,PCIex16,4,568
12761789,PCIex1,1,568
11743040,mini-PCIe(mPCIe),1,569
11399493,PCIex16,1,570
18649409,PCIex16,1,571
18649409,PCIex16(at x1),2,571
3548546,PCIex16,1,572
3548546,PCIex1,2,572
15298127,PCIex16,1,573
15298127,PCIex8,2,573
18652220,PCIex16,1,574
18652220,PCIex16(at x4),1,574
18652220,PCIex1,1,574
13422815,PCIex16,1,575
23548343,PCIex16,1,576
23548343,PCIex16(at x4),1,576
23548343,PCIex1,3,576
25869083,PCIex16,1,578
25869083,PCIex1,1,578
18976274,PCIex16,1,580
18976274,PCIex1,1,580
16637738,PCIex16,2,581
16637738,PCIex1,1,581
11224269,PCIex16,3,582
11224269,PCIex1,3,582
15600971,PCIex16,3,583
15616676,PCIex16,2,584
15616676,PCIex1,1,584
18790607,PCIex16,1,585
18790607,PCIex1,2,585
16099619,PCIex16,1,586
16099619,PCIex1,1,586
15738464,PCIex16,3,587
15738464,PCIex1,1,587
17926784,PCIex16,1,588
17926784,PCIex16(at x4),1,588
17926784,PCIex4,1,588
18652892,PCIex16,1,589
5482817,PCIex16,5,590
10864752,PCIex16,1,591
10864752,PCIex1,2,591
10864752,PCI,1,591
16329473,PCIex16,2,592
16329473,PCIex1,1,592
15612413,PCIex16,2,593
15612413,PCIex4,1,593
15612413,PCIex1,2,593
11739743,PCIex16,4,594
11739743,PCIex1,2,594
27634862,PCIex16,1,595
27634862,PCIex1,1,595
5857695,PCIex16,4,596
5857695,PCIex4,1,596
12243425,PCIex16,3,597
12243425,PCIex1,2,597
13587644,PCIex16,2,598
13587644,PCIex1,2,598
18460412,PCIex16,1,599
18460412,PCIex16(at x4),1,599
18460412,PCIex16(at x1),1,599
15784451,PCIex16,2,600
15784451,PCIex1,1,600
19926275,PCIex16,1,601
19926275,PCIex16(at x4),2,601
18052187,PCIex16,1,602
18052187,PCIex16(at x4),1,602
18052187,PCIex1,2,602
16103330,PCIex16,1,603
16103330,PCIex1,1,603
15647252,PCIex16,3,604
15647252,PCIex1,1,604
16103111,PCIex16,1,605
16479920,PCIex16,1,606
16479920,PCIex1,2,606
16479920,PCI,1,606
27665750,PCIex16,1,607
27665750,PCIex16(at x4),2,607
27665750,PCIex1,1,607
13422614,PCIex16,3,608
13422614,PCIex1,1,608
15620588,PCIex16,3,609
15620588,PCIex1,2,609
14063930,PCIex16,1,610
11329152,PCIex16,2,611
11329152,PCIex1,3,611
17021852,PCIex16,1,612
17021852,PCIex1,2,612
17021852,PCI,1,612
16103348,PCIex16,1,613
16103348,PCIex1,2,613
11222694,PCIex16,1,614
16798469,PCIex16,2,615
16798469,PCIex1,1,615
6500307,PCIex16,1,616
6500307,PCIex1,2,616
11329311,PCIex16,3,617
11329311,PCIex1,2,617
18154490,PCIex16,1,618
18154490,PCIex16(at x4),1,618
18154490,PCIex1,1,618
14147171,PCIex16,2,619
14147171,PCIex1,3,619
13644035,PCIex16,1,620
13644035,PCIex1,1,620
12617759,PCIex16,2,621
12617759,PCIex1,1,621
16058795,PCIex16,2,622
16058795,PCIex1,1,622
17971244,PCIex16,1,623
17971244,PCIex16(at x2),1,623
17971244,PCIex1,1,623
15601613,PCIex16,2,624
15601613,PCIex4,1,624
15601613,PCIex1,2,624
18557519,PCIex16,1,625
18557519,PCIex1,1,625
16103345,PCIex16,2,626
16103345,PCIex1,1,626
16103345,PCI,1,626
13875599,PCIex16,2,627
13875599,PCIex4,1,627
8515863,PCIex16,1,628
15744581,PCIex16,3,629
9551721,PCIex16,2,630
9551721,PCIex1,2,630
15615839,PCIex16,3,631
16103336,PCIex16,3,632
8498229,PCIex16,3,633
8498229,PCIex1,1,633
16660088,PCIex16,1,634
16660088,PCIex1,2,634
8517171,PCIex16,3,635
8517171,PCIex1,2,635
11571746,PCIex16,2,636
11571746,PCIex1,2,636
18266843,PCIex16,1,637
18266843,PCIex16(at x1),2,637
15638834,PCIex16,3,638
15842255,PCIex16,1,639
6060171,PCIex16,1,640
6060171,PCIex1,2,640
15156329,PCIex16,2,641
15156329,PCIex1,2,641
16102667,PCIex16,1,642
16102667,PCIex1,1,642
6029420,PCIex16,2,643
6029420,PCIex1,2,643
11739779,PCIex16,1,644
11739779,PCIex8,1,644
11739779,PCIex1,1,644
4946644,PCIex16,1,645
4946644,PCIex1,2,645
4946644,PCI,2,645
12942161,PCIex16,2,646
12942161,PCIex16(at x4),1,646
12942161,PCIex1,2,646
18054704,PCIex16,1,648
18054704,PCIex16(at x4),3,648
18054704,PCIex1,1,648
13561976,PCIex16,2,649
13561976,PCIex1,1,649
20471477,PCIex16,1,650
20471477,PCIex16(at x4),1,650
16331876,PCIex16,2,651
16331876,PCIex1,1,651
15604190,PCIex16,2,652
15604190,PCIex1,1,652
10526130,PCIex16,2,653
10526130,PCIex1,1,653
8511729,PCIex16,2,654
8511729,PCIex1,3,654
11319420,PCIex16,3,655
11319420,PCIex1,2,655
16168394,PCIex16,2,656
15756542,PCIex16,3,657
15756542,PCIex1,1,657
11814517,PCIex16,2,658
11814517,PCIex1,1,658
6508751,PCIex16,2,659
6508751,PCIex1,2,659
7097008,PCIex16,1,660
7097008,PCIex1,1,660
16278929,PCIex16,2,661
16278929,PCIex1,1,661
10114683,PCIex16,4,662
10114683,PCIex1,1,662
12060446,PCIex16,1,663
12060446,PCIex1,2,663
9597318,PCIex16,3,664
9597318,PCIex1,3,664
19671590,PCIex16,1,666
19671590,PCIex1,2,666
19671590,PCI,1,666
12083765,PCIex16,1,668
12083765,PCIex1,2,668
7452226,PCIex16,1,669
7452226,PCIex1,2,669
12069485,PCIex16,1,670
12069485,PCIex1,2,670
11408766,PCIex16,1,671
11408766,PCIex1,2,671
11224182,PCIex16,2,672
11224182,PCIex1,2,672
15626120,PCIex16,3,673
15599711,PCIex16,4,674
15599711,PCIex1,1,674
16333610,PCIex16,1,675
16095542,PCIex16,1,676
16095542,PCIex1,2,676
16085843,PCIex16,2,677
16085843,PCIex1,2,677
15616700,PCIex16,1,678
19554155,PCIex16,4,679
16145474,PCIex16,2,680
16145474,PCIex1,2,680
6494926,PCIex16,1,681
6494926,PCIex1,2,681
10132605,PCIex16,4,682
14043278,PCIex16,1,683
15626513,PCIex16,3,685
6494014,PCIex16,2,686
6494014,PCIex1,4,686
19772519,PCIex16,1,687
19772519,PCIex16(at x4),1,687
19772519,PCIex1,2,687
18716702,PCIex16,1,688
18716702,PCIex16(at x4),1,688
18716702,PCIex1,2,688
19545191,PCIex16,1,689
19545191,PCIex1,1,689
15693545,PCIex16,3,690
15693545,PCIex1,1,690
15616640,PCIex16,2,691
15616640,PCIex1,2,691
13760447,PCIex16,2,692
13760447,PCIex1,1,692
11674511,PCIex16,2,693
11674511,PCIex1,2,693
15600512,PCIex16,1,694
15600512,PCIex4,2,694
15943754,PCIex16,3,695
8511207,PCIex16,3,696
8511207,PCIex1,3,696
13289012,PCIex16,2,697
13289012,PCIex1,2,697
12060134,PCIex16,1,698
12060134,PCIex1,2,698
6716767,PCIex16,3,699
6716767,PCIex1,2,699
15932150,PCIex16,3,700
8506491,PCIex16,2,701
8506491,PCIex1,2,701
15896510,PCIex16,2,702
15896510,PCIex4,1,702
8870018,PCIex16,1,703
8870018,PCIex8,1,703
8870018,PCIex4,1,703
8870018,PCIex1,2,703
6508368,PCIex16,3,704
6508368,PCIex1,3,704
6023621,PCIex16,1,705
6023621,PCIex4,1,705
6023621,PCIex1,4,705
18863900,PCIex16,1,706
18863900,PCIex1,1,706
15602549,PCIex16,3,707
14493074,PCIex16,2,708
14493074,PCIex1,1,708
9636948,PCIex16,2,709
9636948,PCIex1,1,709
15521669,PCIex16,1,711
15521669,PCIex1,2,711
8508369,PCIex16,2,712
8508369,PCIex1,2,712
8520741,PCIex16,2,713
8520741,PCIex1,3,713
11920246,PCIex16,3,714
12074945,PCIex16,1,715
12074945,PCIex1,2,715
6511874,PCIex16,3,716
6511874,PCIex1,3,716
16100000,PCIex16,2,717
16100000,PCIex1,1,717
12952262,PCIex16,2,718
12952262,PCIex1,2,718
8682218,PCIex16,3,719
8682218,PCIex1,2,719
16109294,PCIex16,1,720
16109294,PCIex1,2,720
16102010,PCIex16,1,721
16102010,PCIex1,2,721
15609011,PCIex16,3,722
15609011,PCIex1,1,722
11370333,PCIex16,1,723
6346757,PCIex16,1,724
6346757,PCIex1,2,724
16248347,PCIex16,2,725
16248347,PCIex1,3,725
16625258,PCIex16,1,726
16625258,PCIex1,1,726
15609182,PCIex16,4,727
15609182,PCIex1,1,727
12076919,PCIex16,1,728
12076919,PCIex1,2,728
7449106,PCIex16,1,729
7449106,PCIex1,1,729
16425494,PCIex16,2,730
16425494,PCIex4,1,730
16425494,PCIex1,2,730
16085180,PCIex16,3,731
16085180,PCIex1,2,731
15605645,PCIex16,1,732
15605645,PCIex4,2,732
9421983,PCIex16,3,733
9421983,PCIex1,2,733
15883439,PCIex16,1,734
13670681,PCIex16,1,735
13670681,PCIex4,1,735
13670681,PCIex1,1,735
13562528,PCIex16,2,736
13562528,PCIex1,3,736
16103333,PCIex16,1,737
16103333,PCIex1,1,737
27665717,PCIex16,1,738
27665717,PCIex16(at x4),2,738
27665717,PCIex1,1,738
16101656,PCIex16,2,739
11370792,PCIex16,2,740
11370792,PCIex1,1,740
11210139,PCIex16,3,741
11210139,PCIex1,1,741
16084790,PCIex16,1,742
16084790,PCIex1,1,742
8941832,PCIex16,1,743
8941832,PCIex1,2,743
17025563,PCIex16,1,744
17025563,PCIex16(at x4),1,744
17025563,PCIex1,1,744
15638999,PCIex16,2,745
15638999,PCIex1,1,745
6511865,PCIex16,3,746
6511865,PCIex1,1,746
16103342,PCIex16,2,747
16103324,PCIex16,2,748
16103324,PCIex1,2,748
11223567,PCIex16,3,749
11223567,PCIex1,2,749
8507937,PCIex16,2,750
8507937,PCIex1,2,750
4829871,PCIex1,2,751
16134524,PCIex16,1,752
16134524,PCIex1,2,752
8501835,PCIex16,3,753
8501835,PCIex1,2,753
16357988,PCIex16,2,754
16357988,PCIex1,1,754
11399340,PCIex16,2,755
11399340,PCIex1,2,755
16000253,PCIex16,3,756
16000253,PCIex1,1,756
15867830,PCIex16,4,757
15867830,PCIex1,1,757
8345859,PCIex16,7,758
6053634,PCIex16,2,759
6053634,PCIex1,3,759
5456968,PCIex16,4,760
5456968,PCIex4,1,760
5456968,PCIex1,1,760
18169658,PCIex16,1,761
18169658,PCIex16(at x4),2,761
18169658,PCIex1,1,761
18054638,PCIex16,1,762
18054638,PCIex16(at x4),3,762
18054638,PCIex1,1,762
16087445,PCIex16,2,763
16087445,PCIex1,2,763
15003368,PCIex16,2,764
15003368,PCIex8,4,764
8514591,PCIex16,3,765
8514591,PCIex1,1,765
6978166,PCIex16,1,766
6978166,PCIex1,1,766
16619693,PCIex16,1,767
16619693,PCIex1,2,767
16427723,PCIex16,1,768
16427723,PCIex1,1,768
16252274,PCIex16,2,769
16103339,PCIex16,2,770
14978957,PCIex16,2,771
14978957,PCIex1,3,771
13822412,PCIex16,1,772
13822412,PCIex1,1,772
13683158,PCIex16,3,773
13408043,PCIex16,1,774
7128832,PCIex16,4,775
7128832,PCIex1,1,775
16085666,PCIex16,2,777
16085666,PCIex1,1,777
14872736,PCIex16,1,778
14872736,PCIex8,1,778
14872736,PCI,2,778
14109998,PCIex16,1,779
14109998,PCIex1,1,779
16084991,PCIex16,2,780
16084991,PCIex1,2,780
15744971,PCIex16,3,781
11408364,PCIex16,1,782
11408364,PCIex1,2,782
13377359,PCIex16,3,783
16085327,PCIex16,2,784
16085327,PCIex1,1,784
15618617,PCIex16,2,785
15618617,PCIex1,2,785
13867739,PCIex16,3,786
8542250,PCIex16,3,787
8542250,PCIex1,2,787
8507643,PCIex16,2,788
8507643,PCIex1,3,788
6023742,PCIex16,1,789
6023742,PCIex4,1,789
6023742,PCIex1,2,789
6736567,PCIex16,3,790
6736567,PCIex1,2,790
18650765,PCIex16,1,791
18650765,PCIex16(at x1),2,791
16480022,PCIex16,1,792
16480022,PCIex1,1,792
13422545,PCIex16,3,793
13422545,PCIex1,1,793
16479872,PCIex16,1,794
16479872,PCIex1,2,794
16479872,PCI,1,794
16087319,PCIex16,2,795
16087319,PCIex1,2,795
16085480,PCIex16,2,796
16085480,PCIex1,1,796
15783182,PCIex16,3,797
15783182,PCIex1,2,797
15616601,PCIex16,4,798
15616601,PCIex1,1,798
15600476,PCIex16,3,799
15600476,PCIex1,1,799
14943890,PCIex16,1,800
14943890,PCIex1,2,800
13817240,PCIex16,2,801
13817240,PCIex8,2,801
13774883,PCIex16,2,802
13774883,PCIex4,1,802
13355441,PCIex16,3,803
11656073,PCIex16,1,804
11656073,PCIex1,2,804
11232516,PCIex16,3,805
11232516,PCIex1,1,805
8542220,PCIex16,3,806
8542220,PCIex1,3,806
8506191,PCIex16,3,807
8506191,PCIex1,2,807
5375010,PCIex16,3,808
5375010,PCIex4,2,808
16638353,PCIex16,1,809
16638353,PCIex1,2,809
16638353,PCI,1,809
16099562,PCIex16,2,810
16099562,PCIex1,2,810
16094537,PCIex16,1,811
16094537,PCIex1,2,811
16086878,PCIex16,1,812
13947872,PCIex16,2,813
13947872,PCIex4,1,813
15791012,PCIex16,3,814
13524110,PCIex16,1,815
13524110,PCIex1,2,815
6508744,PCIex16,3,816
6508744,PCIex1,2,816
11337465,PCIex16,1,817
11337267,PCIex16,2,818
11337267,PCIex1,3,818
11231685,PCIex16,2,819
11231685,PCIex1,1,819
11223516,PCIex16,2,820
11223516,PCIex1,2,820
7424164,PCIex16,1,821
7424164,PCIex1,1,821
15638693,PCIex16,4,822
15638693,PCIex1,1,822
15605684,PCIex16,2,823
15605684,PCIex4,1,823
15605684,PCIex1,2,823
14177450,PCIex16,2,824
14177450,PCIex1,2,824
11413119,PCIex16,2,825
11413119,PCIex1,1,825
18342989,PCIex16,1,826
15895232,PCIex16,3,827
15895232,PCIex1,2,827
15609158,PCIex16,4,828
15609158,PCIex1,1,828
15606479,PCIex16,3,829
15605588,PCIex16,1,830
15605588,PCIex4,2,830
11572877,PCIex16,2,831
11572877,PCIex1,1,831
11399469,PCIex16,2,832
11399469,PCIex1,2,832
11331768,PCIex16,2,833
11331768,PCIex1,3,833
11210097,PCIex16,3,834
11210097,PCIex1,3,834
9252927,PCIex16,2,835
9252927,PCIex1,3,835
6508375,PCIex16,3,836
6508375,PCIex1,3,836
5720575,PCIex16,2,837
16479983,PCIex16,1,838
16479983,PCIex1,2,838
16479983,PCI,1,838
16099826,PCIex16,2,839
16099826,PCIex1,2,839
15639767,PCIex16,2,840
15639767,PCIex1,3,840
13662614,PCIex16,2,841
13662614,PCIex1,2,841
13602143,PCIex16,2,842
13602143,PCIex1,3,842
16087814,PCIex16,2,843
16087814,PCIex1,2,843
15774212,PCIex16,3,844
14403629,PCIex16,2,845
14403629,PCIex1,3,845
13933280,PCIex16,2,846
13933280,PCIex4,1,846
15601616,PCIex16,1,847
13486274,PCIex16,1,848
13486274,PCIex4,1,848
13486274,PCIex1,1,848
11231616,PCIex16,3,849
11231616,PCIex1,2,849
16099694,PCIex16,3,850
16099694,PCIex1,2,850
15758414,PCIex16,1,851
15758414,PCIex1,2,851
13775150,PCIex16,1,852
13775150,PCIex1,1,852
15616460,PCIex16,3,853
15616460,PCIex1,1,853
15599207,PCIex16,2,854
15599207,PCIex1,2,854
13803641,PCIex16,1,855
13803641,PCIex1,2,855
11223537,PCIex16,3,856
11223537,PCIex1,1,856
15603164,PCIex16,3,857
9769749,PCIex16,2,858
9769749,PCIex1,1,858
8101588,PCIex16,1,859
8101588,PCIex1,2,859
7887742,PCIex16,1,860
7887742,PCIex1,1,860
16638029,PCIex16,3,861
16638029,PCIex1,2,861
16411643,PCIex16,1,862
16101155,PCIex16,3,863
15860501,PCIex16,3,864
15860501,PCIex1,2,864
15824861,PCIex16,3,865
15739250,PCIex16,2,866
15739250,PCIex1,3,866
15605549,PCIex16,1,867
15605549,PCIex4,2,867
15601019,PCIex16,2,868
15601019,PCIex1,1,868
14872604,PCIex16,1,869
14872604,PCIex8,1,869
13643204,PCIex16,1,870
13643204,PCIex1,1,870
13448285,PCIex16,3,872
13358747,PCIex16,1,873
11396484,PCIex16,2,874
11396484,PCIex1,2,874
8508585,PCIex16,3,875
8508585,PCIex1,2,875
6352292,PCIex16,1,876
6352292,PCIex1,3,876
6352220,PCIex16,2,877
6352220,PCIex1,1,877
5329459,PCIex16,3,878
5329459,PCIex4,1,878
5329459,PCIex1,2,878
15638972,PCIex16,3,879
15638972,PCIex1,1,879
15598958,PCIex16,4,880
15598958,PCIex1,1,880
11337192,PCIex16,2,881
11337192,PCIex1,3,881
15156716,PCIex16,1,883
15156716,PCIex1,2,883
14872940,PCIex16,5,884
14872940,PCIex8,2,884
12077012,PCIex16,1,885
12077012,PCIex1,2,885
16332119,PCIex16,1,886
16332119,PCIex1,1,886
14403617,PCIex16,2,887
14403617,PCIex1,3,887
13949414,PCIex16,1,888
13949414,PCIex1,2,888
13924805,PCIex16,2,889
13924805,PCIex1,1,889
11328783,PCIex16,2,890
11328783,PCIex1,3,890
15653948,PCIex16,2,891
15653948,PCIex1,3,891
13658867,PCIex16,2,892
13658867,PCIex1,2,892
13584266,PCIex16,1,893
13584266,PCIex1,1,893
11369967,PCIex16,1,894
8747690,PCIex16,2,895
8747690,PCIex1,2,895
16571699,PCIex16,2,896
16571699,PCIex1,1,896
15773897,PCIex16,1,897
15773897,PCIex1,2,897
13424114,PCIex16,1,898
13424114,PCIex1,2,898
17354774,PCIex16,1,899
17354774,PCIex16(at x4),1,899
17354774,PCIex16(at x1),1,899
17354774,PCIex1,2,899
16670201,PCIex16,2,900
16670201,PCIex1,1,900
16530470,PCIex16,1,901
16530470,PCIex1,1,901
16103327,PCIex16,2,902
16103327,PCIex1,1,902
16103327,PCI,1,902
15694070,PCIex16,3,904
15694070,PCIex1,2,904
15616562,PCIex16,4,905
15616562,PCIex1,1,905
15606635,PCIex16,3,906
15606635,PCIex1,2,906
15601217,PCIex16,1,907
15601217,PCIex4,2,907
11328141,PCIex16,2,908
11328141,PCIex1,2,908
11297130,PCIex16,3,909
11231553,PCIex16,3,910
11210115,PCIex16,1,911
6017713,PCIex16,2,912
6017713,PCIex1,2,912
16194251,PCIex16,2,913
16194251,PCIex1,2,913
15638735,PCIex16,4,914
15638735,PCIex1,1,914
15106940,PCIex16,1,915
15106940,PCIex1,2,915
14718359,PCIex16,1,916
14718359,PCIex1,1,916
11321532,PCIex16,2,917
11321532,PCIex1,3,917
8508051,PCIex16,2,918
8508051,PCIex1,3,918
16660295,PCIex16,1,919
16660295,PCIex1,2,919
16660295,PCI,1,919
15653882,PCIex16,3,920
15653882,PCIex1,2,920
11371335,PCIex16,1,921
11371335,PCIex1,2,921
7424026,PCIex16,1,922
7424026,PCIex1,1,922
16660169,PCIex16,1,923
16660169,PCIex1,1,923
16405937,PCIex16,2,924
16405937,PCIex1,2,924
16169777,PCIex16,3,925
16169777,PCIex1,2,925
15003062,PCIex16,2,926
15003062,PCIex8,1,926
13355396,PCIex16,3,927
11297184,PCIex16,3,928
11297184,PCIex1,2,928
11231949,PCIex16,2,929
11231949,PCIex1,3,929
11224584,PCIex16,3,930
6163995,PCIex16,2,931
6163995,PCIex8,2,931
6032630,PCIex16,2,932
6032630,PCIex1,3,932
20645813,PCIex16,6,933
17773823,PCIex16,1,934
17773823,PCIex16(at x4),1,934
17773823,PCIex1,2,934
16103297,PCIex16,1,935
16103297,PCIex1,1,935
20738630,PCIex16,1,936
20738630,PCIex1,1,936
19241759,PCIex16,1,937
19241759,PCIex16(at x4),1,937
19241759,PCIex1,1,937
18663323,PCIex16,1,938
18663323,PCIex4,1,938
16103306,PCIex16,2,939
16103306,PCIex1,2,939
4482977,PCIex1,2,941
9350013,PCIex16,1,942
14895107,PCIex16,1,943
14895107,PCIex1,1,943
27534158,PCIex16,1,944
27534158,PCIex1,1,944
16169024,PCIex16,2,946
16169024,PCIex1,3,946
11920711,PCIex16,1,947
11920711,PCIex16(at x4),1,947
11920711,PCIex1,3,947
12067610,PCIex16,1,948
12067610,PCIex1,2,948
19523846,PCIex16,1,949
19523846,PCIex1,1,949
19305758,PCIex16,1,950
19305758,PCIex1,2,950
19305758,PCI,1,950
11583095,PCIex16,1,951
11583095,PCIex1,2,951
17172500,PCIex16,2,952
17172500,PCIex1,2,952
18742877,PCIex16,1,953
18742877,PCIex1,2,953
18742877,PCI,1,953
16963727,PCIex16,2,954
16963727,PCIex1,1,954
1675641,PCIex16,1,955
1675641,PCIex1,2,955
4489542,PCIex16,1,956
4489542,PCIex1,1,956
16103294,PCIex16,2,957
16103294,PCIex1,2,957
17856809,PCIex16,1,958
17856809,PCIex1,2,958
17856809,PCI,1,958
4490529,PCIex16,1,960
4490529,PCI,2,960
7129243,PCIex16,1,961
7129243,PCIex1,1,961
28183691,PCIex16,1,962
28183691,PCIex1,1,962
12660362,PCIex16,1,964
12660362,PCIex1,1,964
19110794,PCIex16,1,965
19110794,PCIex16(at x4),1,965
19110794,PCIex1,1,965
16971290,PCIex16,1,966
16971290,PCIex1,2,966
19267319,PCIex16,1,967
19267319,PCIex1,1,967
21690839,PCIex16,1,968
21690839,PCIex8,1,968
16145165,PCIex16,1,969
16145165,PCIex1,11,969
12660353,PCIex16,1,970
12660353,PCIex1,1,970
20225543,PCIex16,2,971
20225543,PCIex4,2,971
20225543,PCI,1,971
20615138,PCIex16,5,972
20615138,PCIex8,1,972
16103303,PCIex16,2,973
16103303,PCIex1,2,973
28183721,PCIex16,1,974
28183721,PCIex1,1,974
20226533,PCIex16,1,975
20226533,PCIex4,1,975
13268105,PCIex16,1,976
13268105,PCIex16(at x4),1,976
13268105,PCIex1,3,976
27547688,PCIex16,2,977
27547688,PCIex16(at x4),2,977
27547688,PCIex1,1,977
16123055,PCIex16,7,978
20226770,PCIex16,1,979
20606708,PCIex16,3,980
20606708,PCIex4,1,980
20509004,PCIex16,5,981
20509004,PCIex8,2,981
20600072,PCIex16,2,982
20600072,PCIex8,1,982
20508416,PCIex16,3,983
20508416,PCIex8,3,983
5994057,PCIex16,1,984
5994057,PCI,2,984
20600042,PCIex16,2,985
20600042,PCIex8,3,985
20645075,PCIex16,2,986
20645075,PCIex8,4,986
5122402,PCIex16,1,987
5122402,PCIex8,1,987
5122402,PCIex1,2,987
20646362,PCIex16,3,988
20646362,PCIex8,2,988
27547895,PCIex16,2,989
27547895,PCIex16(at x4),2,989
27547895,PCIex1,1,989
11583224,PCIex16,2,992
11583224,PCIex1,3,992
17670656,PCIex1,8,993
27691589,PCIex4,1,995
13911509,PCIex16,2,996
13911509,PCIex8,2,996
6371155,PCIex1,2,997
13628870,PCIex16,2,998
13628870,PCIex1,2,998
8514897,PCIex16,2,1000
8514897,PCIex1,3,1000
27508019,PCIex16,4,1001
27679898,PCIex16,1,1002
27679898,PCIex1,1,1002
27507917,PCIex16,4,1003
27507917,PCIex4,1,1003
27507986,PCIex16,2,1004
27507986,PCIex16(at x4),1,1004
27507986,PCIex4,1,1004
15381398,PCIex16,2,1006
15381398,PCIex1,1,1006
27508001,PCIex16,2,1007
27508001,PCIex16(at x4),1,1007
27508001,PCIex4,1,1007
14913623,PCIex16,1,1008
14913623,PCIex1,1,1008
11583173,PCIex16,1,1009
11583173,PCIex1,2,1009
27576677,PCIex16,1,1011
27576677,PCIex1,1,1011
5973277,PCIex16,5,1012
5973277,PCIex8,2,1012
24703229,PCIex16,5,1013
24703229,PCIex8,1,1013
3025492,PCIex16,1,1014
3025492,PCI,2,1014
2191233,PCIex16,1,1015
2191233,PCIex1,1,1015
2191233,PCI,2,1015
6700150,PCIex16,1,1016
6700150,PCIex8,1,1016
18167378,PCIex16,3,1017
18167378,PCIex1,2,1017
18036965,PCIex16,1,1019
18036965,PCIex1,2,1019
6731779,PCIex16,4,1020
6731779,PCIex1,2,1020
13923911,PCIex16,7,1021
6132986,PCIex16,2,1024
6132986,PCIex8,3,1024
6132986,PCIex4,1,1024
15609305,PCIex16,2,1025
15609305,PCIex1,1,1025
6153517,PCIex1,2,1026
4483142,PCIex16,1,1027
4483142,PCIex1,2,1027
14652515,PCIex16,1,1028
14652515,PCIex1,1,1028
3603620,PCIex16,1,1030
3603620,PCIex1,2,1030
12719003,PCIex16,3,1031
12719003,PCIex1,1,1031
9591549,PCIex16,1,1032
18538781,PCIex16,1,1033
18538781,PCIex16(at x2),1,1033
18523409,PCIex16,1,1034
18523409,PCIex1,1,1034
16734461,PCIex16,1,1035
16734461,PCIex1,11,1035
4489674,PCIex1,2,1036
4489674,PCI,1,1036
6145321,PCIex16,1,1037
6145321,PCIex1,2,1037
6145321,PCI,2,1037
9660786,PCIex16,3,1038
9660786,PCIex1,2,1038
6153694,PCIex1,2,1039
18222548,PCIex16,1,1040
18222548,PCIex16(at x2),1,1040
18222548,PCIex1,1,1040
14400002,PCIex16,1,1041
6449392,PCIex16,2,1043
6449392,PCIex1,2,1043
6449392,PCI,3,1043
2951174,PCIex16,1,1044
2951174,PCI,2,1044
27638177,PCIex16,4,1045
4471621,PCIex16,1,1046
4471621,PCIex1,3,1046
14091545,PCIex16,1,1048
14091545,PCIex1,1,1048
15250106,PCIex16,7,1049
5896041,PCIex16,7,1050
9739197,PCIex16,1,1051
4496138,PCIex1,2,1052
14146673,PCIex16,1,1053
14146673,PCIex1,5,1053
15493718,PCIex16,2,1054
15493718,PCIex1,2,1054
4497687,PCIex16,1,1055
4497687,PCIex1,2,1055
2976245,PCIex16,2,1056
2976245,PCIex16,1,1056
2976245,PCIex1,4,1056
6675862,PCIex16,1,1057
6675862,PCIex8,1,1057
6675862,PCI,1,1057
18865970,PCIex16,1,1058
18865970,PCIex16(at x4),1,1058
18865970,PCIex1,1,1058
15610484,PCIex16,1,1059
18400013,PCIex16,1,1060
18400013,PCIex1,1,1060
3266921,PCIex16,1,1062
3266921,PCIex1,2,1062
4468027,PCIex16,1,1063
4468027,PCIex1,2,1063
4468027,PCI,1,1063
16431992,PCIex16,3,1064
16431992,PCIex1,1,1064
16027673,PCIex16,3,1065
6153564,PCIex1,5,1069
28063598,PCIex16,4,1071
28063598,PCIex8,3,1071
16103312,PCIex16,1,1073
15914372,PCIex16,3,1074
15914372,PCIex1,1,1074
15493682,PCIex16,2,1075
15493682,PCIex1,2,1075
6540358,PCIex16,7,1076
4490813,PCIex1,2,1077
4490813,PCI,1,1077
19480850,PCIex16,2,1078
19480850,PCIex1,2,1078
18221786,PCIex16,1,1079
17122259,PCIex16,1,1080
17122259,PCIex1,1,1080
13629476,PCIex16,1,1082
13223948,PCIex16,2,1083
13223948,PCIex1,2,1083
2976087,PCIex16,1,1084
2976087,PCIex1,1,1084
2976087,PCI,3,1084
16991345,PCIex1,12,1085
12719033,PCIex16,2,1086
12719033,PCIex16(at x4),1,1086
12719033,PCIex1,2,1086
18398615,PCIex16,3,1087
18398615,PCIex1,1,1087
18223844,PCIex16,1,1088
4489009,PCIex1,2,1090
4489009,PCI,1,1090
4495710,PCIex16,1,1092
4495710,PCIex1,2,1092
27508013,PCIex16,4,1093
11274915,PCIex16,3,1095
11274915,PCIex1,1,1095
5993711,PCIex16,1,1097
5993711,PCIex1,1,1097
5679942,PCIex1,2,1100
5727101,PCIex16,2,1101
5727101,PCIex1,2,1101
5727101,PCI,3,1101
8515179,PCIex16,3,1102
8515179,PCIex1,1,1102
6558463,PCIex16,1,1103
6558463,PCIex1,2,1103
6558463,PCI,3,1103
4478863,PCIex1,1,1104
13632527,PCIex16,2,1106
13632527,PCIex1,3,1106
6343237,PCIex16,1,1109
6343237,PCIex1,1,1109
6343237,PCI,3,1109
15495221,PCIex16,1,1111
5994380,PCIex1,2,1113
19719305,PCIex16,1,1115
19719305,PCIex1,2,1115
19719305,PCI,1,1115
13631120,PCIex16,2,1117
13631120,PCIex1,2,1117
4497542,PCIex16,1,1118
4497542,PCIex1,1,1118
4497542,PCI,1,1118
15610439,PCIex16,2,1119
15610439,PCIex1,1,1119
16103318,PCIex16,2,1120
16103318,PCIex1,1,1120
15504092,PCIex16,2,1122
15504092,PCIex1,2,1122
4497752,PCIex16,1,1126
4497752,PCI,2,1126
4471645,PCIex16,1,1127
4471645,PCIex1,1,1127
4471645,PCI,2,1127
3032975,PCIex16,1,1128
3032975,PCIex4,1,1128
3032975,PCIex1,1,1128
18319883,PCIex16,1,1129
18319883,PCIex1,1,1129
16103309,PCIex16,2,1130
16103309,PCIex1,2,1130
15610523,PCIex16,4,1131
15610523,PCIex1,1,1131
13396157,PCIex16,2,1132
13396157,PCIex1,1,1132
6819313,PCIex16,1,1133
6819313,PCIex8,1,1133
6819313,PCIex1,1,1133
6153801,PCIex16,1,1134
6153801,PCIex1,1,1134
18449468,PCIex16,1,1135
17745692,PCIex16,2,1136
17745692,PCIex1,2,1136
19719872,PCIex1,2,1139
15610640,PCIex16,2,1140
15610640,PCIex1,2,1140
15610379,PCIex16,2,1141
15610379,PCIex1,1,1141
5713431,PCIex16,1,1146
5713431,PCIex1,1,1146
13631252,PCIex16,2,1147
13631252,PCIex1,2,1147
17543330,PCIex16,3,1148
17543330,PCIex1,1,1148
15880766,PCIex16,2,1149
15880766,PCIex1,2,1149
12872894,PCIex16,3,1150
5994884,PCIex16,1,1151
5994884,PCIex1,1,1151
4489619,PCIex16,1,1152
4489619,PCIex4,1,1152
4489619,PCI,2,1152
15610274,PCIex16,3,1153
5232347,PCIex1,5,1155
12873107,PCIex16,2,1158
12873107,PCIex1,3,1158
12086387,PCIex16,1,1159
12086387,PCIex16(at x4),1,1159
12086387,PCIex1,3,1159
17075744,PCIex16,1,1161
17075744,PCIex1,1,1161
15550634,PCIex16,3,1162
15550634,PCIex1,2,1162
6145411,PCIex1,1,1164
5994821,PCIex16,1,1165
5994821,PCIex1,1,1165
4494526,PCIex16,1,1167
4494526,PCIex1,1,1167
17160728,PCIex16,2,1168
17160728,PCIex4,1,1168
17160728,PCIex1,2,1168
15610577,PCIex16,4,1169
15610577,PCIex1,1,1169
13949459,PCIex16,1,1170
13949459,PCIex1,2,1170
13911173,PCIex16,2,1171
13911173,PCIex4,1,1171
12873041,PCIex16,3,1172
12873041,PCIex1,2,1172
11877574,PCIex16,2,1173
11877574,PCIex1,1,1173
5994200,PCIex16,1,1174
5994200,PCIex1,2,1174
5994200,PCI,2,1174
4489363,PCIex16,1,1175
4489363,PCIex1,2,1175
4489363,PCI,1,1175
18319445,PCIex16,1,1176
18319445,PCIex1,1,1176
15610232,PCIex16,3,1177
11371509,PCIex16,3,1178
11371509,PCIex1,2,1178
5994682,PCIex16,1,1180
5994682,PCIex1,1,1180
4488764,PCIex1,1,1181
16513202,PCIex16,2,1182
16513202,PCIex1,3,1182
16126313,PCIex16,2,1183
16126313,PCIex1,2,1183
8515059,PCIex16,3,1184
8515059,PCIex1,1,1184
13656296,PCIex16,1,1185
13656296,PCIex1,2,1185
4470578,PCIex16,1,1187
4470578,PCIex1,1,1187
8518257,PCIex16,3,1190
8518257,PCIex1,1,1190
16239092,PCIex16,2,1192
16239092,PCIex1,1,1192
14768939,PCIex16,1,1194
13502855,PCIex16,2,1195
13502855,PCIex1,3,1195
18344240,PCIex16,1,1197
15420680,PCIex16,3,1200
5516497,PCIex1,1,1201
5516497,PCI,1,1201
18610844,PCIex16,1,1203
18610844,PCIex1,1,1203
18255221,PCIex16,1,1204
16925153,PCIex16,2,1205
16925153,PCIex1,1,1205
5881295,PCIex1,2,1208
5881295,PCI,1,1208
4470858,PCIex16,1,1209
4470858,PCIex1,3,1209
18204989,PCIex16,1,1210
18204989,PCIex16(at x1),1,1210
18204989,PCIex1,1,1210
15550643,PCIex16,3,1211
15550643,PCIex1,2,1211
13631660,PCIex16,3,1212
13631660,PCIex1,2,1212
11274450,PCIex16,2,1213
11274450,PCIex1,1,1213
18397403,PCIex16,2,1214
18397403,PCIex1,1,1214
14960303,PCIex16,2,1216
14960303,PCIex1,2,1216
4490623,PCIex16,1,1217
4490623,PCIex1,3,1217
18830582,PCIex16,1,1218
18830582,PCIex1,1,1218
18301766,PCIex16,1,1219
18301766,PCIex1,1,1219
18223226,PCIex16,1,1220
18223226,PCIex1,1,1220
18222194,PCIex16,2,1221
18222194,PCIex1,1,1221
17662394,PCIex16,2,1222
17662394,PCIex1,1,1222
17543279,PCIex16,2,1223
17543279,PCIex4,1,1223
18863894,PCIex16,2,1228
18863894,PCIex8,4,1228
18397523,PCIex16,1,1229
18397523,PCIex16(at x4),1,1229
18397523,PCIex1,1,1229
18169595,PCIex16,1,1230
18169595,PCIex1,1,1230
15610361,PCIex16,3,1232
15610361,PCIex1,1,1232
14767040,PCIex16,3,1233
14767040,PCIex1,2,1233
13059749,PCIex16,2,1236
13059749,PCIex1,3,1236
11583245,PCIex16,1,1238
11583245,PCIex16(at x4),1,1238
11583245,PCIex1,1,1238
19068557,PCIex16,1,1240
19068557,PCIex1,1,1240
18319970,PCIex16,1,1241
18319970,PCIex1,1,1241
17832164,PCIex16,1,1242
17832164,PCIex1,2,1242
17438588,PCIex16,2,1243
17438588,PCIex1,1,1243
15493877,PCIex16,1,1246
15493877,PCIex1,1,1246
13631540,PCIex16,2,1247
13631540,PCIex1,3,1247
11223828,PCIex16,3,1249
11223828,PCIex1,3,1249
6643243,PCIex16,1,1251
6643243,PCIex8,1,1251
6643243,PCI,2,1251
6354378,PCIex1,1,1252
6354378,PCI,1,1252
6192932,PCIex4,1,1253
6192932,PCIex1,2,1253
6179549,PCIex1,1,1254
6179549,PCI,1,1254
5994603,PCIex1,1,1255
18263516,PCIex16,1,1258
18263516,PCIex1,2,1258
14991143,PCIex16,2,1261
14991143,PCIex1,3,1261
6153807,PCIex16,1,1262
6153807,PCIex1,1,1262
4471514,PCIex16,1,1263
4471514,PCIex1,1,1263
4471379,PCIex16,1,1264
4471379,PCIex1,1,1264
4471379,PCI,2,1264
2976233,PCIex16,1,1266
2976233,PCIex1,2,1266
18222359,PCIex16,1,1267
17527949,PCIex16,1,1268
17527949,PCIex4,2,1268
16103300,PCIex16,3,1269
16103300,PCIex1,2,1269
15673778,PCIex16,2,1270
15673778,PCIex1,1,1270
13111160,PCIex16,3,1272
13111160,PCIex1,1,1272
6154344,PCIex16,1,1275
6154344,PCIex4,1,1275
6154344,PCIex1,1,1275
18397745,PCIex16,1,1278
18397745,PCIex16(at x4),1,1278
18397745,PCIex1,2,1278
11369259,PCIex16,2,1281
11369259,PCIex1,3,1281
6179481,PCIex16,1,1282
6179481,PCI,2,1282
17160107,PCIex16,2,1285
17160107,PCIex4,1,1285
17160107,PCIex1,2,1285
4465664,PCIex16,1,1286
4465664,PCI,2,1286
19176167,PCIex16,1,1287
19176167,PCIex1,2,1287
18398498,PCIex16,2,1288
18398498,PCIex1,1,1288
14267837,PCIex16,1,1289
14267837,PCIex1,1,1289
14267837,PCI,1,1289
13889696,PCIex16,1,1290
13889696,PCIex1,5,1290
11223846,PCIex16,3,1292
11223846,PCIex1,3,1292
6179521,PCIex16,1,1293
6179521,PCIex1,3,1293
4471394,PCIex16,1,1295
4471394,PCIex1,1,1295
4471394,PCI,2,1295
18967955,PCIex16,1,1297
18967955,PCIex1,2,1297
16103315,PCIex16,2,1302
16103315,PCIex1,1,1302
2976067,PCIex16,1,1304
2976067,PCIex1,1,1304
13928168,PCIex16,2,1305
13928168,PCIex4,1,1305
18397637,PCIex16,2,1306
18397637,PCIex1,2,1306
18204968,PCIex16,1,1307
18204968,PCIex16(at x1),1,1307
18204968,PCIex1,1,1307
18204860,PCIex16,1,1308
18204860,PCIex1,1,1308
18186164,PCIex16,2,1309
18186164,PCIex1,1,1309
18166301,PCIex16,3,1310
18166301,PCIex1,1,1310
17543234,PCIex16,1,1312
16103321,PCIex16,2,1317
16103321,PCIex1,2,1317
15914450,PCIex16,3,1318
15914351,PCIex16,3,1319
15610604,PCIex16,4,1320
15610604,PCIex1,1,1320
15610547,PCIex16,4,1321
15610547,PCIex1,1,1321
13948277,PCIex16,1,1326
13948277,PCIex1,1,1326
13631858,PCIex16,3,1327
13631858,PCIex1,2,1327
13612418,PCIex16,3,1328
13612418,PCIex1,2,1328
6732955,PCIex16,3,1337
6732955,PCIex1,2,1337
6145461,PCIex16,1,1338
6145461,PCI,2,1338
