cpu,mainboard,ram,gpu,case,power,cooler,ssd,sys_cooler
18640280,18652877,16443341,27613427,21583046,19813847,21550985,12338942,21646643
18039569,18652877,18700841,18021914,18419840,19023932,,13538642,
19627808,18021440,18911780,18668606,12969350,21206702,18714860,17454683,
19174175,21628184,18911780,21629063,,19814027,,17001050,
17913710,18021491,18911780,18303401,16571885,18442058,18076145,16587443,
19627808,18165161,17535839,19059974,16542008,19814027,,17001050,
19627808,21427535,18767360,19644539,20723090,21206702,,8034664,
18640379,18652877,18911780,18686546,16542008,18442058,,14905265,
18038831,19498640,18911780,18686546,16541294,19814027,,18297002,
18038831,19536062,16239410,20297981,11884207,16237661,,13276304,
17913311,19627259,18911780,19756001,20701928,19548806,,14905301,
21694499,20324882,18134837,27613427,18564128,20480564,,12339347,
16741211,16284179,7320400,20729429,15063971,14677028,,13161353,
18039569,18652877,18146438,9790371,18788645,13934357,,17454683,
18039569,18652871,15764342,18686444,18419840,13934516,,13538642,
15594887,15615839,15759071,17982338,17764370,13168653,16862453,12338942,
19627808,17926670,18700841,19702460,18419840,9564369,,13538642,
15594887,16088780,10019547,14442641,16799618,13853267,11881423,17454683,
18039569,18652877,18911780,18668606,18419840,18901058,,17000984,
17913710,17971187,16193474,18686444,20229659,14121053,,13276568,
17913311,17971187,16193474,20274764,27672713,21206702,,7136788,
18640379,19536062,18911780,20297981,16900748,19814027,,13276568,
18718481,20506130,18911771,19714703,19583933,13466708,,7136788,
19627808,18021581,18610958,18108812,10958634,20057756,,18297722,
18640442,18652877,16507634,16367189,16900727,13854197,14110475,13161353,
18725225,18167699,15759071,20730374,18419840,12400805,,12339347,
18640379,18167699,18911780,18686444,16571885,18442058,14588231,7136788,
18039356,18652871,18911780,19702460,18538823,20202218,,12339347,
17913863,18021491,18911780,18668606,15122126,17523467,18076187,17454683,
18640379,18652877,18911780,18686546,12969350,18442058,10900926,13161338,
18640280,18652871,27545627,19773293,18419840,16200560,,17001050,
18039269,18421946,18911780,18668606,24138818,16761773,,12339347,
17913863,17971253,15764342,13512254,11884168,12400748,,18297002,
18640280,17353070,18911780,18790985,16437518,17523098,6375041,17454683,
18640379,16637543,18911780,16313996,12192788,18871952,17743070,17454767,
18640379,18652886,11541857,18686444,16663688,18442058,17743070,12339347,
19627808,18021842,19235582,19017281,18449441,12487301,,17000984,
18039569,18780872,15759071,19781519,17661149,12487301,,13562645,
18039356,18652871,18883523,20502104,11884207,5973034,,13276568,
18718631,18021440,18911780,20274611,11884207,9431634,18076082,17454494,
18640379,18652877,18911780,19773158,16437569,9431634,13342367,17454683,
18039356,16084070,11028636,19774208,16900727,16362038,,12339347,
16741349,11649263,11790199,20274764,18788645,16200479,18714860,7136788,
16741349,11649263,11790199,20274764,16541294,16200479,18714860,7136788,
18718496,18021440,18911771,20274611,13658789,17523179,17743070,17454767,
17913311,19673600,16035029,19642520,16900727,13150373,,6769699,
19174415,17926745,19107998,18302759,11884207,19961321,,17454743,
16101353,15618923,11028636,19714703,10958634,3353742,17743070,7136788,
18718538,20324882,15759071,20723066,11626910,13934357,,12339347,
18039569,18167699,15759071,18307451,17747885,18157265,18075779,17454683,
18640442,18652877,20369066,18686546,8577818,21206702,15245648,17454683,
19627457,17971604,16507634,19644539,14705840,21206702,,17000984,
19627808,18021581,18767360,19773293,15055580,12487301,,7136788,
17913980,17971184,18883523,19756598,11225526,18901058,,17001050,
19627808,18021581,16193474,18686444,16850843,18087968,,,
19627808,18021581,18134924,19644539,,21206702,,8034664,
18718631,21727307,20644043,18686546,10423167,21206702,,13276568,
18718496,20324882,17535839,20308373,10423167,13934357,,13276568,
19627601,20760632,17845256,19702460,18788645,21206702,,17001050,
18039569,18060368,18146438,919975,17865728,3353742,9964230,17000984,
18039374,18599705,20547308,18302282,11884168,21206702,,17001050,
18039569,18167699,15759071,17982335,17764370,13168653,16862453,16587443,
18039569,18651506,20644043,19773293,18538847,12487301,,14905214,
18038831,18652877,16193474,18668606,16542008,10448835,,17000984,
18718538,17971187,18911780,14444705,11626910,16200560,14076317,17454494,
18039356,18058475,20369126,20732270,18419840,14209529,,17000984,
18640319,18652877,15759071,20243312,17780918,16200479,,13276568,
18640280,18652871,18911780,27161939,18212909,12397334,,13276568,
21694499,17970338,18965774,20301275,16542008,12397334,,13276568,
12836186,12617759,11541857,9790371,15063971,13934516,,12339347,
18718496,20324882,18911780,15754070,14705840,13934516,,13190573,
17913311,18021581,17535233,18669413,17409059,13934516,,14905265,
11021298,27507986,11028636,919975,12681023,3353742,17397248,15022826,
19627808,18976055,17770829,20592260,18846341,12487301,,13276568,
18039356,18295808,16239410,20592260,14032454,16489511,,20076629,
18039374,18651431,18486497,19781723,18449441,9782097,,17000984,
18640397,18652877,18036602,,12681023,13110488,,17001050,
18718538,18021440,18911780,18686546,16687646,10448835,18076187,13190573,
19627808,18165161,21639443,20592260,16541294,19814027,,17001050,
18039374,18652877,20644043,19773293,18564128,10506012,,18297722,
18039374,27635753,21639443,20274764,19743740,20662874,,17001050,
18039356,18652871,16193474,19781723,18419840,13934516,,17001050,
18718631,17971178,20644043,19781723,11884168,9747681,,13161338,
18640280,18652877,18911780,19781519,16900748,14677028,,7136788,
18039374,20079428,16443341,18669413,21583037,12487301,,12339347,
18039569,18060383,18486506,919975,11884168,25098770,9964230,17000984,
18640442,18652880,11790199,18686546,16571885,18442058,12447437,13161338,
18039356,18060395,18911780,18686444,11884168,18698078,10467378,12339347,
18640472,18652877,18911780,18686546,16663688,21206702,,18297002,
17913863,18021581,20369066,18668606,11884168,12487301,,17000984,
18039356,18652877,20644043,18668606,17033048,19814000,,13538642,
18039356,19628207,17931533,18668606,18419840,20315651,,17001050,
18718496,17971184,15630920,20722592,12053192,10901742,,13276304,
17913710,20324882,20369066,20723405,21625649,13934357,,13276568,
18039356,18167522,16443341,21629063,18751016,15265577,,17001050,
21694499,20324882,20609090,13463144,14705840,20628080,17743070,13161338,
18039356,18652865,18911780,18668606,18419840,13934516,,15022826,
18038831,18421946,15759071,19781519,14705840,13934357,,13161338,
18718496,17971184,17845256,20297981,15063971,16342190,,14905265,
21694499,20324882,15879230,20274764,17409059,12487214,,8034664,
19627601,17926781,17000666,17972810,17135795,19023932,,17001050,
19174415,17926748,18036599,17982335,16301513,17853017,,17000984,
18039374,16103186,13410311,27730508,15063971,16362158,,13538642,
19627808,21727307,27894470,18669413,17780918,15216788,,13276568,
18039269,18652877,18767360,18763670,18419840,21206702,,12339347,
18718631,17971604,17535233,27548141,18212909,12400805,,14905265,
16741349,11574545,11790199,14461811,17654444,9431634,18075779,17454683,
19627808,19755890,18767360,18713942,16542008,13934516,,18983477,
12625265,12069566,11790199,18373469,13381634,9431634,13342367,12339347,
16741349,11574545,11541857,14824829,11564300,9782097,15245648,5734544,
16741349,11649263,11790199,20274764,18788645,16200479,18714860,7136788,
18640379,18652877,18911780,18686546,16571885,18442058,14588288,17454683,
14927675,12067598,11541857,919975,17976938,18503426,17743070,13161353,
18640280,19772375,18911780,19714703,21625646,13934357,,13276568,
18640379,18167699,18911780,18307451,18539024,13168653,11780869,17454683,
19627808,17970146,18610958,18302282,17409059,18901058,,17000984,
18039569,18060350,16193474,19844222,18538994,17853017,,17000984,
18640379,18652877,18911780,14719271,5633207,9515844,15604913,12339347,
18039374,18652871,15764342,20312969,19743740,12487214,,13538642,
16741349,11574545,11790199,16348940,16604054,16200560,18076082,5734544,
16741349,11571368,11790199,21771362,18412487,20480564,,13276568,
18640319,18651506,18911780,18713942,18212909,12487214,,12339347,
21694499,18976055,17535233,19768010,18750881,20315813,,8034664,
18640319,17353070,15759071,12401186,8173504,13934516,14110475,17001050,
18640397,18649997,17535647,14861477,11884207,13934357,,13276568,
18039356,18651431,18911780,20729429,15063971,13934357,,12339347,
17913311,17917991,15759071,17982335,16571885,13168653,16862534,13190519,
18725225,18652877,18036599,18302282,8173504,12487337,,17001050,
18640379,18652877,18911780,19017281,11884207,18442058,12633692,17454683,
20613197,17917991,18490574,20312741,17976368,19961321,,17001050,
19174415,17926763,20644043,9790371,17409059,12487301,,13190630,
18640379,18652877,18911771,20312741,18539024,18442058,14588144,17454683,
19627601,18021581,20644043,19047491,18788645,15786305,,13276568,
21694499,18165161,18700841,20243312,12053192,13934357,,13276568,
17913710,20324882,17535233,19772036,18136580,13934357,,14905265,
19627808,19827572,18700841,20308373,16542008,20628194,,17001050,
18640442,18646550,15764342,17982335,12681023,19921292,18714860,13190573,
18039374,18652877,17000666,18307634,18419840,13168653,,18297722,
18039269,18652865,18883523,19702460,18419840,20057990,,13538642,
19627601,17971181,20546735,18108812,17136002,18329759,,20600147,
18039374,19756199,16875872,18302759,18419840,6217539,,7136788,
18039374,19628207,20644043,19702460,18449441,12487337,,14905214,
18039269,18060395,22170725,18686444,15055580,21206702,,17000984,
15594638,16088780,11790199,14461811,16571885,9431634,15245648,17454767,
18640379,18652871,18911780,19781723,16542008,15786305,,7136755,
18718496,19673600,18911780,19773293,10006971,12487301,,17001050,
16140809,18054803,18911780,14853878,14705840,13934357,,12339347,
21694499,19755890,17535233,20308373,18922763,12400646,,7136788,
18718496,20324882,18911780,13463144,16542008,18872015,,13562645,
19174415,17926763,16193474,19102883,11884168,20315651,,17001050,
18039356,18652877,19539911,13512254,11884168,5973034,19306148,13161338,
18640379,18652871,21695174,13512254,16542008,12400646,,12339347,
18640379,18652871,20369126,19781723,18419840,20009693,,17001050,
18640379,18652877,18911780,18686444,5633207,16200560,17743070,17454767,
18640379,18652877,18911780,14444705,16541294,9431634,17743070,12339347,
18640379,19098683,18911780,20502104,18788645,13934357,,13276568,
15594638,16088780,11790199,14461811,16571885,9431529,15245648,17454767,
18039269,18780872,19391135,13512254,11884168,12487214,,13161338,
18718496,20324882,19566122,19781723,21625646,18872015,,17001050,
18039269,18652877,18911780,20308373,16900727,13934357,,13161338,
18718496,20324882,16250267,18910439,5718431,16342190,,13161338,
18039569,18054803,18911780,19125611,16687646,15266783,,13538642,
16101326,16083650,11541857,919975,12572462,18503426,17743070,13161353,
19174415,17926772,16443341,17982347,20031989,9564369,,18297722,
18039569,18060350,16193474,18980858,20229659,15266783,,13538642,
18038831,18652877,16443341,18307451,21522878,21547892,20471123,17001050,
18718631,18021491,15759071,18686444,16571885,18442058,18076145,17454683,
18718631,17917991,15759071,18686444,16571885,18442058,14076317,17454683,
18640379,15693545,18911780,18686546,18539024,9564369,10467378,18297002,
18038831,18649997,16443341,18668606,18212909,20480564,,13276568,
19627808,20324882,18767360,19773293,11884168,12487214,,17001050,
18039356,18652871,16443341,20312741,18449441,13934516,,13161338,
18640379,16637543,18911780,19321322,17783126,18871952,17743070,13562714,
18640280,16637543,18911780,18798842,18684122,14789870,6375041,17454590,
18640397,18649997,18767543,17658794,18147938,12400748,,13276568,
18640280,18652877,18911771,20723405,17780918,17523389,13342367,13562714,
18039374,18261245,18911780,17982335,20501747,18901058,,15022826,
18039374,16427084,18486506,19772036,18419840,13934357,,12339347,
18039374,18652871,18486497,18669413,18212909,13934357,2996635,12339347,
18039569,18167699,16388927,17982335,9306525,13168653,10467378,12339347,
18039569,18167699,15759071,18307451,17764370,18157265,18076187,17454683,
18039569,18261176,18911780,18302759,18419840,18901058,,13538642,
18640442,18652868,11541857,18307451,11884168,18442058,18076082,17454767,
18640442,18652880,11790199,18686546,16571885,18442058,10467378,17454683,
19627808,19627259,21695174,18668606,18449441,20315813,,14905265,
18718496,20324882,18911780,19755944,17783126,16200560,,13161353,
18718631,17971604,20644043,19772036,14705840,12487214,,13538642,
18718592,18021491,15879230,17969774,14597915,7179316,,14905265,
15594638,18725357,18911780,20205068,15063971,20480564,,20687702,
18640280,18652877,18911780,13512254,13735088,9431634,6375041,15796589,
,,18911780,19047491,11540768,14677028,,7136755,
19627808,18021581,17535233,18302282,18419840,20628194,,13276568,
17570783,13562387,11028636,17982335,10958634,5968537,19864532,17001050,
16101464,16083650,11541857,20308373,14705840,18503468,,13161353,
19627808,18044582,17770829,18686444,20229659,20662922,,13538642,
18640397,18652865,18911780,19756001,12969350,18442058,11780869,16587515,
18039512,18060350,20369066,19781723,18136580,21206702,,7136788,
18039374,18264857,19539911,19773293,17764370,20009693,,17001050,
18039374,18652865,17770829,20274611,16542008,17853017,,17000984,
12622091,11574545,11790199,14461811,16604054,16200560,11015937,17454767,
18039374,16637543,15759071,15369467,13381619,11242917,17658332,5734544,
15594638,16088780,11790199,14776451,16571885,9431529,15245648,5734544,
18039356,18652877,18911780,19321322,5718431,18871952,6375041,13190573,
17913311,19705316,18911780,18790985,16900727,16200479,16195334,13562714,
18640319,20120033,18911771,20274611,16144583,13934357,,13276568,
18038831,16084070,11790199,27161939,10423167,18503468,,7136788,
17913863,17971598,18146438,17982335,11884168,13168653,19864532,12339347,
18640379,19536062,17770829,19060016,20229659,19814027,,17001050,
18039569,18652877,18486506,18699401,18419840,19961321,,14905214,
18640280,18813608,17535839,14837663,20220104,13934516,,16463090,
18039512,18167699,15759071,17982335,16571885,13168653,16862534,17454683,
17913710,17917991,15759071,17982338,15894419,13168653,16862534,12339347,
18039374,18054803,16443341,18307451,18539024,20662874,,16587515,
18039374,18652877,18134999,18668606,17711546,13976141,11881408,13161338,
18038831,18652871,17770829,20500949,16542008,13168653,,17001050,
18039356,18652877,20644043,19773293,17409059,19961321,,17001050,
18718631,17971187,19567433,24703415,16900748,12487214,,17001050,
18640379,18060350,17535839,20274611,18419840,19806944,,12339347,
16741349,11764859,11790199,27499418,15063971,20010002,,7136788,
18640379,16084070,11790199,15754070,13381619,13934516,14110475,13161338,
17913710,18165161,21639443,27570908,19278527,20315813,,13276568,
19627808,17971184,18486506,19781723,11884168,12487214,,13161338,
18039356,16088780,11790199,19781519,18419840,21206882,,12339347,
19174415,17917991,15759071,18108812,17976368,19043699,,17000984,
18640379,18652871,20644043,19781519,11884207,10448835,,8034664,
18640379,18652877,18911780,19773899,11884168,9431634,17743070,17454767,
18038831,18652877,16193474,19781723,18419840,12487214,,17001050,
19627808,20324882,20644043,19773293,8173525,20662874,,12339347,
18039269,18652877,18911780,19772036,18419840,20662874,,7136788,
18640319,16427084,19566122,20274611,19672418,18477077,,8034664,
16101353,16094585,11790199,20308373,16144583,11247363,,7136788,
18039269,18652871,18911771,20312969,15808484,12487214,,7136788,
18640319,18652871,18911780,20308373,16900727,16237661,,13161338,
19174415,17971181,16443341,18108812,16301510,18901058,,15022826,
18039374,18652877,17001209,17022707,17407550,15429287,20360642,13538642,
18038831,16427084,18911780,19781519,19073519,13934357,,13276568,
18640379,18167699,18911780,18686546,12969350,18442058,12447437,17454683,
19627808,17926784,18911780,18668606,5718431,18442058,19306217,16587443,
18640379,18652877,18911780,19702460,17780918,13168653,18714860,18297722,
19627808,17971181,19390859,18670235,16542008,20057990,,17000984,
18640379,18652877,18911780,20312741,5633207,12400844,10900926,12339347,
18039512,18652871,15764342,19755191,18419840,13934516,,7136788,
18039356,18261245,20644043,14448719,11884168,13934357,,13161338,
18640280,18663323,18911780,19771712,18147938,13934516,,7136788,
18718496,18652877,20644043,20723405,10423167,13934516,,7136788,
18640280,16083650,11541857,18713942,10423167,13934357,,13276568,
18718538,20391572,20369066,19773899,17747885,9782097,19690001,17788487,
18039356,19903640,18911780,17347271,16900727,13854197,9964230,7136755,
18039374,20317796,20644043,19047491,17407550,13934516,,13276568,
18718496,18044519,18486497,19047491,8173504,11242917,,7136788,
18039569,18167699,20644043,19017281,18419840,17853017,,13538642,
19627808,17970548,20546684,20592260,18564128,27527396,,17001050,
18640379,18652877,18883523,19644539,18788681,13934516,,13276304,
18640379,18652865,16193474,18686546,11884168,12487301,,7136788,
18640379,18652601,20644043,19644539,16900748,19814027,,13538642,
18039374,19772786,19566335,18686444,11884207,10448835,,17001050,
19174415,17926763,20644043,9790371,17409059,12487301,,13190630,
17913311,20391572,16443341,19060016,18564128,18477077,,17001050,
18718496,19673600,18767360,19644539,17192498,20628194,,17001050,
15594446,18781991,18911780,21444533,11884207,16567229,,13276568,
18718538,18021491,15759071,12822224,13552679,9431529,18075779,13190573,
18055820,13562387,13432970,13596899,9822756,13168653,5468657,14803400,
18718631,17926781,20644043,17973179,15025229,19023932,,20600144,
11021130,5857774,8607236,9909333,18419840,17538716,,14905265,
16741349,11574341,11790199,18307451,11884168,18442058,18076145,13190573,
18039512,18060350,18911780,18669413,20255534,20628194,,13161338,
19627808,17971184,20369126,19781723,17136002,20662490,,17001050,
18640379,18060350,18911780,15754070,20723090,20628194,,14905265,
17913311,20324882,20644043,20441837,11884207,12487214,,17000984,
18039356,18652877,19539860,20312969,14705840,13934516,,17706038,
17913863,17971253,15759071,13612532,17747885,12487301,,13161338,
18039374,18652877,16443341,20441837,16542008,13934516,,7136788,
18640379,16153055,11790199,14837663,11884207,12487337,,13190573,
18640280,18652871,18911780,20274764,16542008,20009693,,12339347,
18039356,18652877,18134999,19773899,11479695,13975994,11881387,17454683,
18039356,16084070,11790199,20740013,16900727,18503468,14110475,13161338,
18039374,18649997,18911780,20308373,18788645,18503426,,,
18039356,18652871,20644043,17973020,17015456,20275859,,13190630,
19627457,17971181,16193474,18686444,11884207,9564369,,13538642,
19627808,17971187,18883523,18686444,17976368,18477077,,17001050,
18640379,19536062,18911780,20502104,18419840,19961321,,8034664,
16101581,16088780,11790199,14461811,16571885,10448835,18075779,17454683,
18640379,18652877,18911780,14406062,18788645,9431634,16195334,17454767,
18640280,16084070,13151036,13512254,11884207,16342190,,13276568,
16741349,11574545,11790199,12822224,5633207,11650160,18075779,13161338,
18640379,18652877,18911780,20739584,20220176,12487214,,14905265,
21694499,20324882,15879230,20308373,18419840,12487214,,7136788,
14927759,11574545,11790199,19773293,13381634,18872015,,7136788,
18039374,18652877,15759071,20205068,15122126,16342190,,13276568,
18039569,18059849,16193474,13463144,21583037,13934516,,17000984,
17913863,17926772,18146438,17972810,11884168,19840346,2996635,14803400,
18640379,18060395,18911780,19773158,17783126,9431634,10467378,17454683,
18039356,18054803,16443341,18682472,18419840,25098770,,13538642,
18039356,18652877,16443341,20592260,21583046,21206702,,14905265,
18039356,18599705,16193474,20722934,18108902,21206702,,17001050,
18039374,19498640,15764342,19756598,17359220,18901058,,13276568,
18039269,18652877,18911780,19773293,17409059,12487214,,7136788,
18640319,18652871,20369066,20301677,11884168,9782097,,17001083,
17913710,17971184,27545627,20297981,20255537,13934516,,8034664,
18039374,18167699,20644043,18108812,18419840,13148819,,17000984,
18640442,18652877,15759071,18686546,16900727,13854197,14110475,13161353,
18640442,18054803,15759071,18307451,18539024,19814027,,16587515,
19627808,18021581,18767360,18686444,7335787,12487214,,13538642,
16101581,15615839,15759071,17982335,15894419,13168653,16862534,17454683,
18039374,18652871,18911780,19644539,18788681,20480564,,13276304,
16741349,11574341,11541857,18307451,16571885,18442058,18076145,17454683,
18640379,18652880,11541857,18686444,11884207,18442058,10467378,7136788,
18640379,18652877,18911780,18686546,12969350,18442058,18076145,17454683,
15594638,15618923,11790199,14741900,11540768,10448835,14219342,17454683,
18039374,18652877,18911780,20274764,17409059,12487214,,13161353,
21694499,20324882,18767360,20274764,18053684,13934357,,13276568,
21694499,21400361,18911780,20312969,13381619,18503468,,13161338,
18640205,18651431,20369126,13612532,10423167,18872015,17002862,11283222,
18039569,18052667,20644043,17980988,10958634,17870129,9964230,14803400,
18640379,18652877,16443404,18894068,18788681,18442058,16195031,17001050,
19174415,17926784,18911780,17982335,17334425,9817428,10467378,18297722,
18039269,18652871,18911780,20274611,16900727,13934357,,17001050,
18718481,19673600,18911780,18686444,18449441,20480564,,7136788,
21694499,20324882,18767360,18763670,11884168,12487214,,7136788,
18039269,18652877,18911780,13463144,20723090,8558654,,12339347,
18640319,19356875,11790199,19773293,20379776,11247363,,13276568,
16101353,16089002,11790199,20274611,20255534,13934357,,12339347,
18640280,16637543,18911780,18790985,14705840,9782097,10900926,13562714,
18039356,18652871,20644043,19702460,24138818,20628194,,13562645,
15594446,18918575,20644043,20301020,14705840,13934516,,12339347,
19627934,19827944,18767360,19644539,16542008,20628194,,13190630,
18640379,18652877,20369126,19773158,18212909,13934357,19690001,13161338,
18640379,18652877,18911780,18303401,17747885,18442058,17743070,17454683,
19627808,19827572,17770829,21629063,17387444,20628194,,13538642,
18640397,18652877,18911780,20274764,12192788,15786305,,17001050,
16741349,11574545,11790199,14461811,11884168,10448835,15245648,17454683,
18039269,18652871,20369066,20297981,21583046,16342190,,13161338,
18038831,18421946,20356421,20145302,18146642,20628194,,13161338,
17913311,17971184,18911780,20274611,18922913,12487301,,7136788,
18039374,18652877,18911780,,13446017,18872015,,13190630,
15594701,16089554,11790199,14934254,13384469,12487214,,13562693,
18640379,16084070,11790199,20740013,3471240,13934516,14110475,13161353,
18039569,18167699,17139326,17980988,12681041,17870129,19864532,8034664,
19627808,18021581,18911780,19644539,11884168,12487301,,17001050,
18038831,18652871,17535839,18686546,18419840,12487301,,8034664,
17913311,21421541,18911780,19781723,18419840,13934516,,13161338,
16741349,11574545,11790199,14741900,15110762,11650160,18075779,5734544,
16741349,11574545,11541857,13512254,16900748,18503468,18076082,13190573,
16101353,16083650,11790199,18767216,11884207,14677028,,14905301,
21694499,20140877,18965774,20274764,10006971,5158596,,13276568,
18039374,18054881,17770829,19102883,18538994,18901058,,13276568,
18640379,18649997,17770829,19756001,17192498,17145053,,13161338,
17913863,18044519,15759071,18668606,11884207,16237661,,13276568,
18039356,18652871,18911780,19772036,11884168,13934516,,7136788,
18640379,15693545,18911780,14719271,5633207,12400844,13342367,13190519,
17913311,18021662,18911780,20312969,14705840,13934357,,17001050,
19627808,19827572,20369066,18686546,16542008,20628194,,14905214,
18640379,16088780,11790199,14837663,11884168,20628194,,7136788,
12836186,12067598,11541857,14444705,16437569,11242917,16862354,12339347,
18039569,18652865,19566335,20502104,11884168,12487301,,15022826,
16101326,16083650,11541857,919975,12572462,18503426,17743070,13161353,
19627934,21628184,20369126,19511543,11884207,20315813,,13276568,
19627601,18021581,20644043,17982392,17359157,20662874,,17000984,
18039374,18167699,17770829,19702460,19636997,19451888,,17001050,
19627808,19691621,18911780,18780494,18538994,18213719,17024672,17454683,
19627808,17971187,16193474,18302282,18419840,18901058,,17001050,
18640379,18652865,16193474,18686444,17976368,19961321,,13538642,
18169268,18651506,19539911,19774208,15823055,12487214,,17706038,
19174415,17971598,17535647,18307874,11884168,13168653,19864532,17000984,
21694499,19936247,18911771,20739584,14705840,12400646,17658305,17454767,
19627808,17971187,20644043,17973179,17747885,20663186,,15022826,
18039356,18652871,15759071,13463144,16900727,16200560,15675176,18297002,
18640379,18652865,18911780,18686444,18538994,19023893,,7136788,
18640379,18652877,20644043,19781723,11884168,13934516,,13161338,
18038831,19536062,20369126,19321601,19672418,13934357,,14905265,
16741349,11574545,11541857,15129071,16541294,18503426,18076082,17454767,
18640379,18652877,20644043,15422960,11884207,9782097,,13276568,
15594638,16088780,11541857,14776451,16571885,9431529,15245648,17454767,
16101353,16301447,11790199,14448719,18212909,13934357,,13161338,
,,20369126,14853878,14705840,13934357,,14905265,
19174415,17971181,16443341,18108812,16301510,18901058,,,
19627934,20391572,16443341,20575781,11884207,9782097,,13276304,
18039374,18060350,20369066,13512254,20723090,13934357,,17001050,
18039374,18651506,18911780,20308373,18449441,19814027,,17001050,
21694499,20238110,20369066,19773293,10423167,16200479,,14905214,
18640379,18652877,18911780,14719271,16900727,18872015,10900926,5734544,
12622091,11571368,11028636,14718956,17192498,13934516,,12339347,
16741349,11574545,11790199,15129071,18788645,18503426,18075779,15796520,
15594638,16088780,11541857,14776451,16571885,9431529,15245648,17454767,
18640442,18646550,16867427,17982335,12681023,19921292,18714860,13190573,
18039569,18652877,20644043,18980858,18449441,19814027,,17000984,
12622091,11574341,11790199,18307451,11884168,13168653,18076145,12339347,
18039569,18167699,16875566,15754070,17192498,18477077,,12339347,
18039269,19628207,17931533,21629063,18419840,12487301,,5791868,
18640397,18060362,17535839,20297981,17135795,19961018,,17001050,
18039374,16089002,5937666,14448719,11884207,21206702,,17001050,
18038831,18652871,17535839,19781723,17896439,12487214,,13538642,
,,18911780,15754070,16542008,10171746,,14905265,
17913863,18154490,20644043,18682472,13933700,20628194,,13276568,
12625265,11574545,11541857,16313996,16900727,18872015,,17454767,
18640286,16094585,11541857,,11113710,9431529,,13562714,
18640106,16637543,18911771,11189739,13381619,18871862,,13562693,
16741211,12067598,11541857,11189739,16541072,21651302,,17454767,
18640205,16637543,18911771,23561576,18252812,12345542,21531986,17454590,
18039356,18652877,18911780,18307451,17747885,18442058,18076145,17454683,
18039569,18167699,16193474,17982335,18419840,18901058,,17001050,
19627808,17971184,16193474,18668606,16542008,16200560,,,
19174415,17926745,18613178,18686444,17780918,13168653,,17000984,
18039374,18054803,20644043,14448719,18448748,19727942,,13538642,
18039374,18652877,18911780,18686546,11884207,20628194,,12339347,
18640379,16637543,18911771,19321322,17783126,18871952,19306109,17454767,
18640379,16637543,18911771,20723405,18788681,17523389,17743070,17454767,
,,16442840,20722592,20229659,18872015,,10927932,
18640397,18652865,16193474,19755191,18769955,19814000,21550901,12339347,
18640379,18421946,16193474,19059974,17954243,12487301,,17001050,
18640379,18652871,20644043,18307874,11884168,18442058,14110475,13161338,
18039374,15693545,15759071,18307451,11884207,18442058,18076187,17454683,
18640379,18652877,18911780,20312741,5633207,16200560,10467378,17454683,
19627808,18021581,18883523,18668606,20229659,12487301,,13190711,
18640379,18652865,20369126,19756001,20504855,20315651,,17000984,
18640379,18265187,22170725,19781519,17192498,15786305,,13562714,
18640379,15693545,18911780,19321322,17783126,16200560,10467333,18297002,
18640379,18421946,16443341,19773293,11884207,20010002,,7136755,
18718496,20324882,20644043,15754070,15063971,12487214,,7136755,
18640280,18652877,18911780,19321601,16900727,9782097,,7136788,
16101353,19498640,18911780,13463144,9376470,14677028,,13190519,
18039374,18261176,16193474,20500949,17676860,9515844,,17001050,
18718496,18021440,15879230,18348743,13381619,18503468,16208849,13161338,
18039269,18652871,17535839,14718956,17409059,12487214,,13276568,
18039569,18265187,18911780,17972810,18419840,16273730,,13276568,
18039374,15693545,15759071,18307451,11884207,18442058,18076187,12339347,
18640379,15616676,16272698,19773425,16859912,9515841,,13161338,
18038831,18652871,18911780,,18564128,12487214,,13276304,
18039374,19536062,20369066,18373583,21464180,10901742,,15796589,
16101353,16084070,11380437,20297981,12053192,10901742,,14905265,
16741349,11574545,11790199,12822224,9295779,11650160,18076082,17454767,
18039569,18599705,21639455,18108812,18751016,20615300,,13538642,
17913863,17971598,17535647,13512254,11884168,18503468,19864532,13161338,
15594887,15615839,15759071,17982335,17747885,13168653,16862534,17454683,
16101581,16088780,11790199,14461811,16571885,10448835,18075779,5734544,
18640379,19628207,18768470,18682472,12751874,9515844,,13276568,
18640379,18652877,19539860,20502104,18788645,13934516,,17000984,
17913980,17971187,20644043,,17764370,13854197,,14905214,
18039374,18652877,19539860,17038307,15808484,12487301,,20079467,
16101353,18649997,22170725,17224892,11884168,12487214,,13161338,
18640280,16083650,11790199,13512254,21548498,13934357,,7136788,
19627808,18021581,18486497,18668606,11884168,12487301,,13276304,
17913980,18060878,19552541,13596899,16301513,17870129,21551720,14803400,
18718496,19827572,17535233,18686444,18419840,20256680,,13161338,
18039269,17353070,18911780,18668606,16900727,13934516,,17001050,
18718538,17971187,20369066,19756001,8173504,12487301,,14905265,
17913311,19755455,19539911,19773293,20255537,13934357,,13161338,
18640280,16637543,18911771,13512254,13381619,14677028,,7136755,
16101464,19498640,18911780,18798842,20516462,18872015,,7136788,
18039356,18652877,15759071,18108812,17747885,9564369,17420288,13190573,
18039374,16094585,11790199,18669413,18212909,13934357,18294482,13562714,
12622319,11574341,11028636,,15122126,13853267,,7136788,
18703613,18652877,19539911,20500949,16859927,20009693,,7136788,
18640379,18652877,18911780,18668606,17783126,9431634,12447437,12339347,
18038831,18652865,18883523,18686546,17780918,15301127,,17001050,
15594701,18652877,18911780,9790371,12279560,9782097,,7136755,
18640379,19704527,18700841,19756598,20220104,9431634,,17001050,
18640379,18652877,18911780,18798842,16437518,17523179,14076317,13190519,
15594701,15618923,11028636,18296906,11884168,9515844,17450348,12339347,
17913311,19755455,20369066,20696243,13658789,18503426,14729600,14905265,
19627808,19827572,19552541,19644539,9376491,15265577,,18297722,
16101326,16083650,11541857,919975,17976938,18503426,17743070,13550969,
18725225,18167699,18911780,17982335,17334425,18698078,10467378,18297722,
18640472,18167699,18911780,18668606,18538994,9817428,10467378,18297002,
18039356,18652871,20369066,18669413,11884168,12487301,,13276304,
18039374,18651431,18911780,19751759,20255534,9782097,,7136788,
17913710,19691621,18911780,19773158,12969350,9431634,14588144,13190573,
19627808,19673600,18767360,18686546,16542008,20628194,,13276568,
18039512,18652877,15759071,18108812,17747885,9564369,13102370,13190573,
18640379,16088780,11790199,19781723,11884168,13854197,14110475,13161338,
18039512,18167699,15759071,17982335,17654444,13168653,10467378,16587443,
19627601,18186989,20546438,18307874,11884168,19961321,,13276568,
18038831,18649997,15759071,18307451,11884207,13168653,,11283033,
18640379,18652865,15759071,19755944,17954243,19813763,,16587515,
18640319,19938515,18911780,14837663,15808484,13934357,,17454590,
18640280,19536062,20369126,19321601,19672418,13934357,,5791864,
18039569,18060350,20644043,21444533,11884168,21206882,,18297002,
17570807,17667608,11028636,919975,9822756,14757272,19864532,17000984,
18640379,18651506,18018929,18303728,15794921,9515841,,12339347,
18039356,18652877,18911780,18307451,5633207,18442058,18075779,13161338,
18039374,18652865,16193474,18686444,11626910,18442058,18076145,13562714,
19627808,20324882,20369066,18686546,8173504,13934516,,13276568,
18038831,18652877,20369066,20592260,20701928,12487214,,13486118,
18718496,19924310,20369066,18686546,18212909,17702204,,17823668,
18038831,18651431,18911780,20274764,15063971,20480564,,7136755,
18718496,17971184,15988694,,17780918,12487214,,13161338,
18039356,18054803,18911780,18682472,11884207,12487301,,17001050,
19627808,21427535,18911780,18686444,17136002,9782097,,13161338,
18640379,19704527,20644043,18686444,17359157,21206702,,13538642,
18039356,19926275,16443341,20592260,18449441,20662529,,17454590,
18640379,18652865,16193474,18686546,11884168,12487301,,7136788,
18039374,19536062,18911780,19751759,17780918,13934516,,7136788,
17913863,17971604,18767543,19781519,17780918,18741254,,14905265,
18718538,18021581,15879230,18790985,18449441,12487214,,17001050,
18640280,16084070,11541857,13512254,11884168,9782097,,13276568,
18039269,18060350,20369126,919975,16541294,18872015,14110475,10927923,
15594956,15615839,15759071,17982335,16687646,13168653,12633692,17454683,
18214907,18060383,18883523,17972810,11884168,17853017,,13276568,
18640379,18652877,18911780,19702460,17780918,21206702,18714860,12339347,
17913980,18021662,18767543,18980858,17525405,12487337,,13538642,
18039512,18167522,20644043,15754070,11884168,13854197,19864532,13161338,
18039356,18265187,20644043,18108812,11884168,17853017,,15321314,
18640472,18652877,18911780,18303401,16542008,9431634,10467378,13190573,
18640379,18652877,18911771,18686546,5718431,9817428,11780842,17454683,
18640379,18652877,18911780,18686546,16571885,18442058,16195334,18297002,
18038831,18649997,18883523,19714703,16900748,19814027,,13276568,
18640379,16088780,11431083,19773293,20229659,19814027,,17001050,
18039374,18044417,11431083,14853878,16542008,13329584,,12339347,
18039269,16637543,15759071,19751759,15558575,13934516,,17001050,
18640286,18652877,16193474,20312741,20255534,16200479,15245648,17788487,
16741349,11574545,11790199,15129071,16541294,18503426,18076082,12339347,
16741349,11574545,11541857,14461811,5633207,9431634,15245648,17454683,
17913710,17917991,15759071,17982338,16663688,13168653,16862534,16587443,
18039356,18652871,20644043,18668606,11884168,18442058,13102370,13161338,
18039569,18167699,15759071,17982335,17764370,13168653,16862453,12339347,
18039569,18060350,18036653,17980988,18419840,18698087,,7136788,
18039512,18167699,18911780,18686444,11884207,9817428,18076187,18297722,
18640319,18649997,20644043,18913712,16144622,14677028,,13276568,
18640397,19704527,18911771,18798842,13381619,18872015,,13190519,
18640280,18662669,7030150,20732459,9850002,12487214,,17001050,
18640379,18652877,18911780,14719271,16900727,18872015,10467378,17454767,
15594638,16088780,11541857,14776451,16571885,9431529,15245648,5734544,
18640379,16637543,18911780,16313996,5718431,18503426,15245648,17454767,
16101353,16088780,11790199,9790371,14705840,6216877,,10120467,
18640319,18651431,15759071,18686546,17780918,15301127,,13161338,
18039569,20013098,16875008,18307451,10958544,18066980,19864532,13538642,
19174415,18060878,18767543,20442254,15026021,17869835,,18269483,
15594887,15615839,15759071,17982335,17747885,13168653,16862534,17454683,
18039374,20013098,20644043,18713942,17764370,16704593,,12339347,
18640379,18652877,18911780,19773899,17764370,9431634,14705225,18297002,
18702812,16427084,20644043,18669413,16542008,17052878,,13276304,
18038831,18652871,18911780,19756001,15894449,13934516,,13161338,
18640379,18652877,18911771,14719271,13658789,18872015,10900908,13562693,
18038831,16314863,10495707,20274764,16542008,20662922,,7136788,
12836186,12069566,11790199,18798842,18684122,18503426,11780842,7136788,
18640280,18652877,18911771,14824829,13552679,14790071,6375041,12339347,
18640319,18652865,18911780,20308373,13381634,13934357,,13161338,
18039374,18167522,18911780,19773293,16859927,12487301,,17001050,
18039569,16427084,15764342,20274764,11884168,18503468,19864532,13161338,
12622091,11574341,11790199,18307451,17654444,18442058,18076145,12339347,
18640379,18652877,18911780,19756001,11884207,9431634,18076187,17454683,
18640379,18652877,18911780,18790985,11564300,18871952,14588144,13190519,
18640280,18651329,11790199,19644539,20229998,9747681,,9966492,
16101464,16314863,11541857,14406062,11564300,12400844,11814364,5734544,
18039269,18649997,20356421,19774208,15808484,12487214,,13276568,
12625265,11684576,11541857,13512254,18212909,13934357,,13161338,
18640280,16083650,11790199,20740013,16900727,10174200,,13486118,
18640319,18649997,15759071,13512254,17780918,13934357,,14905265,
18039356,18649997,16193474,18686444,18449441,12487301,,7136788,
17570807,13562387,10824564,18108812,9944427,5181099,19864532,17790299,
18039374,18330392,19539911,17974598,18419840,12487337,,13538642,
19627808,18021842,15759071,18980858,18449441,18901058,,13276568,
18169169,18993305,17535839,20592260,11884207,15265577,,13276304,
19627808,17970146,20369066,18302282,11884168,12487337,,13276568,
18039374,15616676,16875566,14719271,18419840,10448835,,15321314,
18640379,18421946,18911780,19755944,18449441,13934357,,13276568,
18039374,18652877,18911780,18668606,18419840,18442058,,13276568,
18718538,18021440,15759071,18699401,14705840,18503468,14110475,13161338,
18039374,18167522,20644043,18713942,16541294,15265577,,17000984,
18169268,18651431,18911780,20274764,14705840,18741254,,13276568,
18718538,18021440,18911780,14857991,18788645,18503468,17743070,12339347,
16741349,11574341,11790199,18307451,16663688,18442058,18076145,17454683,
18039569,18652877,18911780,19756001,17334425,9515844,18076145,18297722,
18640379,18652877,18911780,18686546,16571885,18442058,17743070,5734544,
18039356,18652871,20644043,19751759,11884168,13854197,18076145,13161338,
18039269,18652877,16193474,18307451,17658422,18442058,14076317,16587443,
16756757,18649997,17001281,18668606,18788645,10448835,,17706038,
19627808,17971184,18911780,18669413,16144583,15301127,,14905265,
18039374,18652877,16193474,19781519,18212909,19840346,,17001050,
17913710,17971187,18911780,19773158,12969350,9431634,18076145,7136788,
18640280,18652877,18911780,12822224,16541294,10497549,14705225,13161338,
18038831,16088780,,20297981,9376491,10901742,,13276568,
12625265,11574458,13723295,18373583,11884207,13934357,,14905265,
19627808,17971187,20369066,18686546,16663688,9515844,20470844,14803520,
18039356,18060383,18700841,18307451,11225526,18477077,,13538642,
19627808,17970146,18486497,19060016,18449441,15265577,,17000984,
18038831,16427084,20369066,18686444,11884168,12487301,,13276568,
18640379,18652871,18911780,19781723,19701731,12487214,,17000984,
18640379,18652871,18911780,19781723,18419840,13934516,,13538642,
18038831,18649997,18911780,19781519,11884168,8431077,,13276568,
18038831,18652877,18911780,18713942,16900727,18087947,,17000984,
18718496,17971184,20369066,19781723,18419840,13934357,,17001050,
18039374,18646550,18911780,19047491,15063971,12487301,,7136755,
17913863,18021581,16193474,18307451,15894419,18442058,18978128,18237560,
18039374,18599705,18883523,18302984,11884207,18477077,,13538642,
18038831,18652871,17535839,19781723,18449441,12487214,,17001050,
18169268,18652865,18911780,18681557,18419840,13934516,,13190630,
16741211,11574458,11790199,19772036,17409059,13934516,,13161338,
18038831,18652871,18911780,19260017,14705840,12487214,,17001050,
18718496,19755455,18911771,14857991,14705840,13934357,,15022826,
18038831,18652877,18911780,18790985,18788681,18503426,6375041,17454767,
18640286,18652871,18911780,16380443,18053684,12023981,,17454494,
18039512,18060353,18911780,18686546,12969350,18442058,17024672,7136788,
18640379,16084070,11790199,14837663,16900727,14790071,14110475,13161338,
19627934,18021581,17535233,18108812,11884207,17853017,,8034664,
18640379,18167699,18911771,19702460,17747885,18442058,18075779,17454683,
18039356,18652877,18911780,18669413,11884207,9564369,,7136788,
19627808,17971187,19235594,,18449441,12487301,,17001050,
18640379,18652877,18911780,18668606,18419840,18442058,,17001050,
18640379,18652877,18911780,19773158,17525405,18503468,17743070,13562714,
18640442,18060350,20644043,18686444,18419840,20628194,,14905265,
18039269,18652877,18768413,18682472,11884207,16237661,,15022826,
18039356,18054803,16193474,18686444,18419840,13934516,,13562693,
18039269,18652877,18768413,18682472,12053192,12487214,,15022826,
18640286,16427084,19539911,14719271,19636997,19814027,,13276568,
18039374,18652877,18911780,17720798,17192498,13934516,,12339347,
18718631,19925807,20369066,18669413,20522441,13934516,,14905265,
18640379,16089002,11028636,17022707,11884168,13854197,14110475,15022826,
15594887,15615839,15759071,17982335,16604054,13168653,16862453,17454683,
18039374,18599705,16272698,18296906,11884168,9515844,,17001050,
19627808,17971187,17535839,18682472,11884168,19813763,,7136788,
17913980,17971184,15759071,15129071,18419840,7179316,,7136788,
18640280,18652877,18911780,20274611,14705840,13934516,,13276568,
18718496,17971253,18911780,18686546,17976143,12487301,,13276568,
18718496,19827572,20369066,20274611,15808484,10448835,,17001050,
18640379,16427216,18911780,9790371,11113710,18503426,15604913,13562714,
18039356,18652877,16443341,20611448,18564128,19814027,,13161338,
18039512,18060362,19566335,17973179,18570371,19921292,,18297722,
18039569,18651506,20644043,19773293,18538847,12487301,,14905214,
16101353,16088780,10019547,20274764,16900748,18872015,17002862,13562693,
18039512,19926275,18911780,19125611,11884207,15266783,,18297722,
18640379,16427084,15759071,13512254,10423167,18503468,14110475,13161338,
18640379,18651506,18911780,19017281,11884207,18442058,18076187,17454683,
18640379,18652877,18911780,18686546,12969350,18442058,17743070,17454683,
18039269,18652877,16443341,14788691,18108971,12487301,,15022826,
17913980,17971598,17535647,19714703,11884168,20202218,,14905265,
18718496,17971184,15879230,19756610,17192498,12487214,,17001050,
16741349,11574545,11790199,14741900,16900727,9431634,15245648,5734544,
16741349,11574545,11541857,14741900,15050393,16200560,15245648,13562714,
18640280,18652877,18911780,14853878,18788681,13934516,,12339347,
18039512,15615839,18911780,17980988,16542008,13168653,18076187,17001050,
18038831,18652865,20369066,18686444,17409059,19961018,,14905265,
18039356,20103287,16193474,19773293,11884207,19814027,,13538642,
18038831,19098683,16193474,18669413,18788681,13934516,,13276304,
18640319,18652877,20369066,20502104,11884168,13934516,,14905265,
18039569,18652877,20644043,13512254,18788645,13934357,,17454683,
18640379,18649997,15759071,13512254,18788645,12400748,,14803520,
18718496,18021581,18911780,9790371,16900727,12487214,,7136755,
18169169,18652877,18700841,19644539,11884168,12487301,,13161338,
17913863,17971598,18146438,17982335,11884168,13168653,10467378,12339347,
18039569,18060395,16193474,18307451,16199669,9564369,10467378,13562714,
12622319,12069566,11790199,14461811,14705840,10448835,14588288,18297722,
18640442,18652877,18911780,19756001,16687646,9431634,17743070,13562714,
18038831,18652877,18911780,18686546,15110762,12487301,,13161338,
18038831,18652877,18911780,20502104,11884168,12487214,,17001050,
17913710,19691621,18911780,19773899,11884207,18213719,18076082,13190573,
18038831,18652877,16272947,20564615,20220176,9782097,,12339347,
18640280,16637543,18911780,18798842,16437518,17523179,10900908,17454767,
19627808,17971187,20369066,19242692,18449441,15265577,,13161338,
18703730,16637543,11790199,919975,4678115,12400646,14110475,17459081,
18640379,18652877,18911780,19773158,17783147,10448835,14076317,17454683,
18039374,18652877,18911771,14444705,16900727,12487301,,15022826,
18039374,18652877,18911780,19781723,18419840,17052281,,7136788,
18038831,18649997,18911780,19751759,17192498,12487214,,13276568,
18640280,18652877,18911780,18373469,11884207,9782097,14076317,17001050,
18640379,18652877,18911780,19305539,16437518,17523179,15604913,7136788,
18640379,18652877,18911780,13512254,16541072,16200560,14076317,12339347,
15788555,16083650,11541857,19781723,18419840,18741254,,13486118,
18640379,18652877,19539911,19242692,11884207,12487301,,13538642,
18640280,16084070,11790199,13512254,10423167,18503468,17002862,13161338,
18039512,18167699,18911780,18307451,18684122,18901058,10467378,18297002,
18039374,18652877,18911780,18668606,11884168,9564369,10467378,16587443,
18640379,18652877,16193474,19756001,18538847,18213719,16195151,13161338,
18169169,18652871,18486497,19644539,11884168,18477077,,7136788,
19627808,18021662,17931533,19755191,18419840,18442058,,17001050,
18640379,16088780,11790199,13470908,15362603,9782097,10467333,12338942,
18640280,18651506,18911780,16313996,15362603,9782097,14076317,12339347,
18718496,20471387,18883523,20308373,12053192,16200560,,13161338,
19627808,18021662,16193474,19102883,17584163,18901058,,17001050,
18039374,15618923,11028636,14444705,11884168,13854197,11015937,13276568,
18039374,18652865,18911780,18307451,16199669,18442058,16195334,12339347,
19627808,17971598,18911780,19702460,20136845,12487301,,17001050,
16101581,15615839,15759071,17982335,15894419,13168653,16862534,16587515,
18038831,18649997,16873946,18681557,18419840,12487301,,20600147,
18039374,18295433,18700841,19781519,19636997,10448835,,13276568,
18640379,18652877,18911780,18303401,17747885,18442058,17743070,17454683,
18640379,18652877,18911780,18686444,11884168,18442058,17024672,12339347,
18039512,18652877,18911780,18798842,16437518,12400607,14076317,7136755,
18640379,18652877,18911780,19756001,16687646,10448835,11780869,13190519,
18640379,18652877,18911780,19773899,17764370,9431634,10467378,13562714,
18039269,18652877,18911771,18373469,16542008,16200560,18075779,17001050,
18038831,18652877,18911780,19260017,16900727,13934516,,13276568,
18640379,18652874,11790199,19047491,11884207,10174200,,11283078,
17913863,18021581,16193474,18307451,15894419,18442058,18978128,18237560,
19627808,17971184,15764342,18307451,18419840,10054617,,17000984,
17570816,13562387,13432970,18964955,17661059,17870129,17057594,17001050,
16101581,15615839,15759071,17982338,15110762,13168653,16862534,17454683,
18039374,18060395,15759071,18307451,11884207,13168653,10467378,12339347,
18718631,18021491,15759071,18307451,11884168,18442058,12447437,13562714,
18039374,18652871,18911780,19773293,18108971,16342190,,5734544,
18640379,15693545,18911780,14444705,5718431,18901058,10467378,5734544,
18640379,18649997,18911780,18686444,18449441,16778399,,7136788,
19627808,20318291,18911780,18686444,11884168,20009693,,13538642,
18640379,18167699,17931533,14444705,16900727,16200560,,17000984,
18038831,18652877,16193474,19781723,18750995,13934516,,12339347,
18640379,19498640,18883523,13612532,8457783,13934357,,7136788,
18169268,19098683,18911780,20308373,16900748,13934357,,13276304,
18039269,19098683,20369066,18964661,18728303,20628194,,13276568,
18039569,18060383,15764342,919975,11884168,15301127,9964230,17000984,15670502
18039569,18841790,15764342,20512307,10958634,18005060,,17001050,
18640379,18652877,18911780,12822224,12969350,17523179,15245648,17454683,
18718538,18021440,18911780,14444705,11884207,16200560,17743070,17454494,
16101464,16088780,11790199,13470908,11540768,12400844,,13190573,
18039374,18652871,18911780,18713942,17409059,18872015,,13276568,
17913311,20391572,17535839,20308373,9376470,13934357,,12339347,
12625265,12069566,11790199,12822224,11540768,18503468,13342367,7136788,
18640280,16637543,18911771,19321322,18684122,9431634,10900908,7136788,
18039374,20079428,15764342,18302282,17015456,19961018,,17001050,
14927759,20459081,11541857,919975,17976938,11432340,17743070,13161353,
17913980,18021581,18911780,17982362,18419840,17853017,18371288,17001050,
18039512,18167699,15759071,17982335,16571885,13168653,16862534,17454683,
18640379,18652877,18911780,18307451,11884168,18442058,10467378,12339347,
18640379,19498640,18911780,19060016,11884207,9515844,,,
12622091,11574341,11790199,14461811,16663688,16200560,18076145,17454683,
18038831,18652877,18883523,18686546,17780918,15301127,,13276568,
17913311,18113015,18911780,20274764,5598547,20010002,,12339347,
16101353,16088780,7320400,14741900,15110762,10448835,11881387,13562714,
18039374,18652877,18911780,14953979,20504921,19813847,,17001050,
18039356,18649997,20369066,19702460,11884168,18442058,,,
18039374,18060395,18911780,17982335,18539024,9817428,10467378,18297722,
18640472,18841790,16875566,20512307,18448706,19023932,,20600147,
18039569,18841790,20629313,17973179,17359301,19023893,,17001050,
18039569,18652877,18911780,18307451,17658422,18442058,11780869,7136788,
18039374,18651506,16193474,18668606,15808484,20009693,,13562693,
18640379,18652877,18768470,14444705,18788681,9243156,,17001050,
17913710,19755455,18911780,18668606,11884207,12487301,,7136788,
18169268,18652871,18911780,18669413,13658789,12487214,,7136788,
15594638,18652871,16443341,20297981,16900748,12487301,,7136788,
18039374,19772786,18911780,13612532,18212909,18872015,,13538642,
18718631,17971604,20356421,18713942,20255534,12400844,,14905265,
18640280,16637543,18911771,12822224,16541072,18872015,10900908,5734544,
19627808,18021662,15759071,19059974,17192498,12487337,,17000984,
18039356,18651431,20369126,19781723,11884168,14790071,19864532,13161338,
18039569,19926275,20644043,17975774,18449441,17853017,,13538642,
18039374,19536062,15764342,20274764,16900727,12487214,,7136788,
18039569,18652877,16072955,19242692,17976482,18698087,,17000984,
19174415,17926745,15764342,19773293,9944397,12487337,,14803520,
18039356,18649997,18911780,19781723,3471240,20009693,,17001050,
18640379,18652877,18911780,18686546,16571885,18442058,17743070,12339347,
18039374,18649997,18911780,18669413,15063971,16778399,,7136788,
15594638,16088780,11790199,13470908,12013670,9782097,12633692,15796520,
18039374,18054803,18911780,12822224,15808484,13934357,,14905265,
18640379,16089002,11790199,19751759,18212909,13934516,,15022826,
18718496,17971604,18911771,20274611,17783126,17523179,12447437,17454767,
18640280,18651431,18911780,13512254,18212909,13934516,,13161338,
18640280,18652871,18911771,20285345,16542008,10448835,,13161338,
16101353,16427084,18883523,19851107,9376470,14677028,,17001050,
18039269,18652877,16443404,18686444,18539024,19814000,19306148,12339347,
16101464,16314473,11790199,13512254,17976938,14790071,17002862,13161338,
18039374,18060350,15764342,19060016,18570377,9515844,,8034664,
18039569,18167699,15759071,17982335,17764370,13168653,16862453,17454683,
18640379,16427084,16193474,18307451,11884207,18698078,,17001050,
18039374,18652877,15764342,19242692,18419840,16237661,,17000984,
19627934,17971604,20356421,18669413,17780918,16200560,,13276568,
18640379,18652877,18911780,20312741,12969350,17523179,15604913,12339347,
18039374,18652877,18911780,14857991,18581042,15301127,,12339347,
18640379,18652877,18911771,18373469,18788645,16200560,18076187,16587443,
19627808,17971187,18911780,12822224,18419840,13934357,,13276568,
18640280,18652871,18911780,18373469,15043808,18872015,,13161338,
18640280,18651506,18911771,18713942,17747885,13934357,,13562693,
16741349,11574545,11541857,14461811,15110762,9431634,15245648,17454683,
19627808,18021581,15759071,18303731,15558575,15216788,,13276304,
18640379,16088780,11790199,19781723,11884168,13854197,14110475,13161338,
18039356,18651431,15764342,18108812,17747885,10448835,,13538642,
18039569,18652877,16193474,19773293,18419840,12487214,,17000984,
18640379,18652877,18911780,18303401,12969350,18442058,17743070,13190573,
18640379,18652877,18911780,18686546,15894419,18442058,17743070,7136788,
18039356,18652877,15759071,19756001,15110762,9782097,13102370,11283033,
18640397,19498640,18911780,20274764,14705840,13934357,,17001050,
18640379,18652877,18911780,19773899,17764370,9431634,17743070,18297002,
17913863,18021440,18911780,20312741,12969350,18503468,12447437,18297722,
18038831,18652877,20369066,19059974,16542008,13934516,,13276568,
16741349,11574545,11790199,13470908,16571885,11650160,18075779,17454767,
16741211,12069566,11790199,13463144,13446017,18503426,6375041,17454767,
17913863,17926763,15764342,19047491,15043808,10448835,,7136755,
18640280,16083650,11790199,11001012,19135712,18503426,17743070,13161338,
18038831,18652871,18486497,19242692,11884207,15265577,,17001050,
18039356,18054881,18768413,18686444,18419840,18087947,,12339347,
17913863,18039902,15759071,14461811,13658789,9431634,12447437,17454683,
18039374,18652877,20369126,19017281,19636997,10448835,,17001050,
18718496,19725299,18486497,20502104,17780918,19813763,,13276568,
18640379,18652880,11790199,19773158,16900727,18213719,6375041,13562693,
18640280,16637543,18911780,18790985,14705840,18872015,17743070,13562693,
18703730,18652877,18911780,19047491,15063971,15786305,,7136755,
18039569,18652877,15764342,17974766,11225526,12487337,,7136788,
18039512,18060368,15764342,18108812,10958634,17870129,19864532,15022826,
18039512,18059849,16443404,19125611,16541294,19921292,,18297722,
17913863,18113015,19391135,19059974,13933289,10448835,,17000984,
19627808,18021581,17931893,18669413,18419840,19023932,,17001050,
19627808,18021662,18911780,18668606,9376470,18442058,14588231,13562714,
18718496,17971199,18911780,19844222,17976143,12487301,,13276304,
19627808,20391572,18911780,19321601,18564128,13934516,,17001050,
18038831,18652586,15988694,19773515,16900748,10901742,,13276568,
18640319,19772786,18883523,19781723,17192498,13934516,,12339347,
18039512,18167699,18911780,18307451,11884207,18442058,18076187,13562714,
18640379,18651431,15759071,18964955,11884168,18442058,17397248,13161338,
18039569,18652877,18911780,19781723,13933289,13150403,,13538642,
18640379,18652877,18911780,18296984,11884207,18442058,17743070,13562693,
18039569,18167522,18036599,18503027,18751016,15266783,,13538642,
18039569,18652877,18036599,18668606,19278527,19023893,,17001050,
18640379,15756542,11790199,18798842,16199669,10448835,14602859,7136788,
19627808,18154397,18911771,18686546,11884207,18442058,18076082,13562693,
19627808,18021581,15759071,19242692,12053192,10448835,,13276568,
19627808,19827572,18911780,18686546,15063971,9515841,,13538642,
18640379,19772786,15764342,18686546,16900727,9782097,,13190573,
18640280,16427084,18911780,19047491,13446017,12487214,,12339347,
18640379,18651431,15759071,20080199,11884168,9435804,,13538642,
17913710,17971184,15759071,19781519,11884168,12487214,,13538642,
17913710,19691621,18911780,19773158,16900748,13853267,,13057166,
17913710,18021581,18911780,19047491,13973483,12487301,,13276568,
18718496,19705316,18911780,12821624,12192788,19813763,17658332,17454590,
18640379,18652877,18911780,19756001,16542008,9564369,14076317,13562693,
18039374,18167522,15764342,20301677,17552000,14790071,15688298,13161338,
18640379,18054881,16193702,19102883,18751016,15266783,,16587443,
17913980,17970146,18883523,19756598,17359157,18901058,,17001050,
19627808,17971187,17770829,18686444,18419840,15265577,,17001050,
18640379,18652877,18911780,14444705,11884207,16200560,18076187,13190573,
18640379,19498640,19539911,18668606,18419840,16362038,,17001050,
18640280,19498640,18911780,13512254,10423167,13934357,,13190573,
18039374,18649997,18911780,19756607,13381619,12487301,,13276568,
18039374,19772786,18883523,19047491,18539024,13934516,,13161338,
16741349,11574545,11790199,14461811,18788645,18871952,18075779,17454767,
17913311,17971187,18911780,14953979,16144583,12487301,,17706038,
18039569,18167522,18911780,17982338,17359157,19023893,,18297722,
18640379,16084070,11790199,14837663,10423167,14790071,14110475,15022826,
19627808,17917991,18911780,19714703,10423167,5185598,,13538642,
19627808,18021842,17012165,18894068,18449441,19814027,,13161338,
19627808,18652871,15764342,14444705,17192498,5973034,,7136788,
19627808,17971598,18486497,18669413,17780918,,,14905265,
19627934,17971187,18883523,19047491,16542008,13934516,,17001050,
17913311,17971187,17931533,19781519,15031841,13854197,,12339347,
18640280,18652877,18911780,20274611,11540768,18872015,14705225,13562693,
12622091,11574341,11028636,9790371,14705840,9782097,,13538642,
16741349,11574458,11790199,12822224,12491474,18872015,15245648,13562693,
18039512,18054881,15764342,17982335,17015456,20275859,,17001050,
16101326,16083650,11541857,919975,15808484,14677133,17743070,7136755,
19174415,18060878,18036599,17973020,18412277,19953725,,17000984,
18640379,18649997,17535839,18669413,17764370,12487301,,13276568,
18640379,18652877,18911780,14719271,16900727,18442058,10467378,12339347,
18039356,18815033,18700841,20274764,10423167,12487301,,17788487,
18039269,18652877,18911780,14719271,16900727,18872015,14588144,13562693,
18640379,18652877,18911780,14719271,16900727,18872015,12447437,13562714,
18039356,18652877,18911780,20312741,11884168,13934357,,13276568,
18039374,19536062,18883523,12822224,10423167,12487214,,13276568,
18640379,16084070,11028636,,18419840,18901058,,18237617,
16872089,11934316,11380467,18767216,16687646,13466708,,13562714,
18640472,18652877,18911780,17982335,12969350,18442058,15604913,18297722,
15594887,15618923,11541857,19773425,11884168,10448835,18076145,13562714,
18039569,18167699,15759071,17982338,17658422,13168653,16862453,13190573,
19627808,18021581,17001281,17982338,16199738,10448835,,17000984,
18039569,18060395,16193474,18307451,16663688,18442058,16195334,13562714,
18039569,18060350,18700841,18307451,18419840,9564369,,13538642,
17913980,17971598,17535647,19751759,16859912,20057756,,17788451,
18039374,18652871,15879230,19769636,18846299,18442058,,17001050,
16101464,16088780,11790199,14776451,11884168,10448835,12055514,13190519,
18038831,18652871,18883523,19644539,18419840,12487337,,17001050,
18039269,19498640,17138720,18686546,20031230,12487301,,17001050,
17913710,18021440,18911780,14719271,18788681,17103122,,12339347,
18039374,18652877,16193474,18686546,12751874,13854197,11881387,17454683,
18039569,18060383,18036602,18686444,18419840,18146243,19864532,17001050,
19627808,17926748,18700841,18021914,17135954,20057756,,13538642,
18039374,18295433,19539911,18681557,17359157,16362038,,12339347,
19627934,17971598,16193474,17972810,17409059,19023932,,13276304,
18640397,18652877,18911780,19702460,17747885,18442058,18076145,12339347,
18038831,18652877,18486497,18668606,11884168,12487301,,13161338,
18718631,17970146,18486497,18373469,18788645,13934357,,17001050,
18718496,19925807,17535839,19773425,14705840,13934357,,13276568,
17913311,17971187,18768470,20301539,8173504,18741254,,18297002,
18038831,19498640,18911780,19769636,17192498,15216788,,13276568,
18640286,19536062,16193474,20312741,20255534,16200479,15245648,17788487,
17913710,19691621,18911780,18307451,17747885,18442058,15245648,7136788,
18640379,18651431,15759071,19714703,16900727,9435804,15315371,13161338,
18039512,18060395,16193474,17982338,11884207,9564369,18076187,13562714,
18039569,18167699,18911780,18307451,17764370,9564369,15604913,12339347,
18039374,18652877,19539911,18686546,15063971,13934516,,7136788,
18640280,18652865,16443404,18668606,18449441,16200560,,17001050,
19627808,17971604,18486497,18669413,11884168,20315651,,14905265,
18640379,16089002,11541857,19781723,18419840,14677028,,7136788,
18038831,19098683,18486497,18669413,16542008,13934516,,13276568,
18640379,18652871,16443404,20297981,18539024,12487214,,14905265,
18038831,18652877,15764342,19047491,17192498,12487214,,7136788,
18039356,18652871,16443341,18373583,17764370,14677028,,13161338,
18640379,18652877,18911780,18303719,11884168,13168653,13102370,11283078,
17913980,17917991,18146438,17980421,11884168,18329759,19864532,13538642,
18039356,18652877,16443341,18681503,18564128,19814027,,13161338,
18640319,18652871,15764342,18373469,17780918,9515844,,13538642,
12836186,11574341,11028636,19047491,11884168,9782097,,13161353,
18640379,18652877,18911780,19773158,16437569,9431634,17743070,7136788,
17913710,19691621,18911780,19773158,8577818,16200560,18075779,12339347,
18640379,18652877,18911780,14719271,16900727,18872015,17743070,17454767,
16741349,11574545,11790199,14406062,11884207,16200560,18076082,7136755,
16741349,11574458,11790199,19756001,13552679,9431634,18075779,11283078,
18039374,18652877,18911780,19060016,19317608,15266783,,18297722,
18640280,16427084,18911780,14824829,9376470,11247363,17640323,13161353,
16741349,11574341,11790199,18307451,15122126,18442058,18076145,13562714,
18640379,18652871,15759071,19773293,17409059,20315813,,13276568,
18039374,18167522,16193474,19781723,13933289,18442058,,17001050,
18640379,18652877,18911780,14461811,16542008,9431634,12447437,13190573,
18039374,18652877,18911771,14406062,16542008,12400844,18075779,13562714,
16101464,16314863,11790199,14406062,18788645,9431634,17743070,13190573,
18038831,18652871,18911780,19773293,18419840,10448835,,17001083,
18640280,16314863,11790199,18686546,16541072,18871952,15604913,13562693,
18640379,18652886,11790199,13512254,16813160,18503426,6375041,7136755,
18039269,16088780,11790199,12822224,10423167,12487214,,13276568,
18039569,18330392,18911780,14863025,18419840,20202218,,17001050,
18640379,18651431,15759071,18302282,11884168,9435804,15315371,13161338,
18039374,18652877,18911780,18686546,17783126,9431634,10900908,13562693,
18640379,18652877,18911780,18686546,12969350,18442058,10467378,13562693,
15594701,18060350,17931533,18681503,18449441,20009693,,17000984,
18640379,18652877,18911780,19773158,8577818,13168653,10467378,17001050,
18039269,18652877,18486497,18686546,17409059,12487214,,14905265,
18640379,18652877,18911780,19756001,16542008,9431634,18075779,13190573,
17913311,19755455,18911780,19756001,17783126,16200560,19282190,13161353,
18640280,16637543,18911780,13512254,10423167,18871952,6375041,17454767,
19627808,18044567,16443341,19060016,18750881,16704548,,12339347,
18640205,16083650,11790199,919975,15407192,14677028,17743070,13562693,
18039374,15693545,15759071,18307451,11884207,18442058,18076187,13562714,
12622091,11574341,11790199,18307451,16663688,18442058,18076145,16587443,
18039512,18167699,15759071,17982335,16571885,13168653,16862534,13562714,
18640379,18652877,18911780,18303401,17764370,18442058,13342367,17454683,
18039374,18054803,16193474,19756598,19277042,10448835,,7136788,
17913311,17971253,15764342,19844222,17976143,17523467,,13276304,
18039374,15615839,18911780,12822224,16437518,9431634,12447437,17454767,
18640379,18652880,11790199,18373469,16541072,9431529,17743070,13562693,
16741349,11574545,11790199,14857991,18788645,18503468,15245648,17454767,
18718496,19755890,15630422,20274764,18922913,12400646,,7136788,
18718631,19691621,18486497,19755191,16542008,9782097,18714860,13161338,
18039374,18261176,18700841,18108812,18419840,19921292,,13190711,
18039374,15693545,15764342,14442290,18419840,9564369,11015937,13276568,
15594887,15615839,15759071,17982335,17764370,13168653,16862453,13562693,
18039512,18652865,16193474,18686444,17654444,18442058,18076145,13562714,
18640379,18652877,18911780,18686546,16571885,18442058,17743070,13190573,
18718496,19926611,15764342,18668606,17780918,10506012,,13538642,
18038831,18652877,18911780,18668606,16542008,12487214,,13276568,
16741349,11574545,11541857,14461811,11884207,9431634,18076082,17454767,
16741349,11574545,11790199,14857991,18788645,18503468,15245648,17454767,
16741211,12069566,11790199,12822224,11540768,16200560,6375041,5734544,
18039569,18167522,16829447,18670412,19278527,16704593,,13538642,
12625265,11574458,10294017,13463144,13517816,18503468,14110475,13276568,
18039374,18652877,15764342,18686444,18449441,12487301,,13538642,
18039374,18112316,16443341,18668606,7029823,12041090,,13538642,
18640379,18652877,18911780,18686546,13381634,18442058,13342367,13562714,
19627601,17971253,18767543,19773425,17780918,13150373,,13276304,
18640379,18652877,18911780,18686546,16571885,18442058,12447437,17454767,
18640379,18652877,18911771,19756001,16542008,9431634,17743070,13562693,
16872089,11571368,11790199,19047491,10423167,13934357,,13276568,
18039374,16637543,18911771,13463144,10423167,18871952,11780842,17454767,
18039569,18167522,16443404,18503027,18751016,15266783,,15022826,
19174175,17926769,16867427,17972810,11884168,18329759,19864532,15022826,
19627808,17970146,18486497,19060016,18449441,15265577,,17000984,
18039374,19498640,18911780,19773158,10423167,9910572,,7136788,
17913710,18021491,15759071,14461811,15110762,9431634,18076145,7136755,
18640379,18652877,18911780,14857991,15110762,18872015,17743070,13562693,
18640379,18652877,18911780,14461811,18788681,9431634,17743070,17454767,
18144521,18649997,18911780,14719271,17192498,13934357,,12339347,
16741349,11574545,11541857,13470908,11884168,13340963,18075779,17454767,
18039512,15693545,15759071,18307451,15894419,13168653,18076145,16587443,
18039356,15693545,18911780,18307451,11884168,18442058,11015937,13562714,
18039374,18054803,18700841,18296906,18419840,20057756,,12339347,
18039512,18167699,15759071,17982338,11884168,13168653,10467378,16587443,
18039374,15693545,15759071,18307451,17658422,18442058,18076187,13562714,
19174175,18007478,15764342,19031924,10803144,12487301,,13276304,
19627808,18021581,17931533,18296984,11884168,18901058,,13276568,
18640379,18652877,18911780,19756001,15110762,16200560,18076187,12339347,
15594638,16088780,11541857,14461811,15894419,9431634,14219342,13562693,
12622091,11574341,11790199,14461811,16663688,16200560,18076145,13562714,
16741349,11574458,11790199,12822224,12491474,18872015,15245648,13562693,
18640106,18652886,11541857,19047491,14705840,18871952,14110475,7136755,
18718496,18021491,15759071,18686444,11884168,18442058,18076145,12339347,
18640280,16083650,11790199,15825011,19135712,18503426,17743070,13161338,
16101083,16314863,11541857,919975,11113710,13340918,17743070,13190519,
19627808,17970146,18911780,18302759,18419840,12487301,,17454743,
18039569,18649997,15764342,18686444,18419840,10448835,,18297002,
19627934,17971604,18911780,18669413,17780918,20009693,,13276568,
19627808,18113015,18911780,18669413,10423167,13934516,,,
18718631,18021581,18911780,14719271,11884207,18087941,,17001050,
16741349,11574458,11541857,14461811,14705840,5158596,14076317,13562693,
16741349,11574458,11790199,19756001,13552679,9431634,18075779,13562714,
16741349,11574545,11790199,12822224,13552679,11650160,18075779,13562693,
18169169,19241759,18486497,20298116,17359325,18872015,,13276568,
12836186,11574545,11790199,14719271,16541294,18872015,18076082,13562714,
18039374,15693545,15759071,18307451,17747885,18442058,18076145,13562693,
18039374,16083650,11541857,19714703,16199738,10448835,,13276568,
18640379,19498640,18486497,19771985,17192498,13934516,,7136788,
18038831,18649997,18911780,18670382,5633207,12487214,,12339347,
18039374,19498640,18911771,14444705,13933289,13934516,,8034664,
18640379,16637543,18911780,19060016,16900748,13934357,,12339347,
19627808,17971604,18486497,18713942,9534249,13934357,,13276304,
18640379,18652877,18911771,13512254,10423167,12804722,14705225,13562693,
18640280,16637543,17666249,12822224,16265948,13934357,,13276568,
18038831,18652877,17535839,18686444,11884207,10448835,,17001050,
17570816,13562387,13433147,18302282,2255657,19728059,19864532,13538642,
19174415,17925728,18135029,18704651,19278527,18146243,,17000984,
17913863,18376385,18597488,18682598,11884168,13934516,,12339347,
18640379,18265187,17535839,18682472,11884168,13934516,,17001050,
18038831,18652871,16443341,18681503,11884207,15265577,,12339347,
18640280,16637543,18911780,16313996,12053192,17523098,6375041,13562693,
18640280,16637543,18911780,18790985,15122126,18871952,12588671,13562693,
18039374,18261176,18911780,18307634,17015456,12487337,,12339347,
16741349,11574545,11790199,15825011,19135712,18503426,14110475,13161353,
18039374,18060383,18700841,19644539,17747885,18442058,,17001050,
18640379,18652877,18911780,19773158,16541294,16200560,11780842,13562714,
18039356,18652877,18911780,18307451,12969350,18442058,18075779,18297002,
18718631,17971187,16193474,18686444,17015456,9564369,,13538642,
18640379,18060350,17931533,18669413,18108902,10448835,,13276304,
18038831,18652877,18911780,12822224,18788645,9431634,19306217,13562714,
18039356,16167980,11028636,19774208,18788645,13934516,,13276568,
18640379,18652886,11028636,19773158,16900727,19779116,,13562693,
18039356,16637543,18911771,18790985,17764370,18871952,10900908,13562693,
18038831,18649997,15759071,18790985,11884168,11242917,,7136788,
18640280,18652877,15759071,19047491,15808484,13934516,,13276568,
17913710,17971187,16193474,18686546,11884168,19814000,19306217,14905265,
18038831,18652877,18911780,19781723,8173504,12400805,,7136788,
18640379,16089002,11790199,12822224,13301009,13934516,17002862,13161338,
17913710,19691621,18911780,18686546,17747885,18442058,13342367,13562714,
18039269,18652865,18911780,18373469,11113710,16200560,14076317,12339347,
15594701,18652877,15764342,18373469,10423167,12487301,,12339347,
16741349,11574545,11790199,14857991,18788645,18503468,15245648,13562693,
16101353,16314863,11790199,14776451,12013670,13340963,9892554,5734544,
16101353,16088780,11790199,13470908,9376491,9431529,11308065,11283033,
16741349,11574545,11790199,14857991,18788645,9431634,15245648,13562693,
12625265,11574458,5941995,13463144,12491483,9821547,12086153,13190573,
15752546,16089002,11790199,14788691,20255537,12487214,,12339347,
18039356,18652877,15759071,18108812,17747885,9564369,13102370,11283033,
17913311,19673600,16443341,13463144,11884207,13934357,17397248,7136788,
18039512,16153055,11431083,18296984,18539024,9564369,,17001050,
16101581,15693545,15759071,17982338,17747885,13168653,10467378,13562693,
18039374,18652877,16875872,19047491,17192498,9782097,,17000984,
19627808,19691621,18911771,19773158,12969350,9431634,18075779,13562693,
16101464,16314863,11790199,14461811,11564300,13340963,6375041,5791868,
18038831,18652871,16388927,19774208,13658789,9782097,,7136788,
12625265,11571368,11790199,19321601,11884207,12487214,,12339347,
16741349,11574458,11541857,18373469,9295779,18872015,18076082,13562693,
18640286,16084070,11790199,919975,10423167,18503426,14110475,13161338,
18039569,18167699,15759071,17982338,17658422,13168653,10467378,16587443,
16741349,11574341,11790199,18307451,16663688,18442058,18076145,13562714,
19627808,17970338,16193474,18668606,11884207,5973034,,7136788,
18039356,18652871,18911780,19059974,12053192,16362158,,13538642,
17913311,17971184,18911780,18713942,11113710,12487214,,13161338,
18718496,18113015,18911780,19772036,14597915,9243156,,13276568,
18640379,18652877,18911780,14406062,18788645,10448835,14076317,13562714,
16101353,16314863,11541857,14741900,16437518,9431529,15245648,13562693,
16101464,16314863,11541857,16291658,16437518,8804612,12447437,13562693,
18640379,18652877,18911780,19047491,16542008,13934357,,13161353,
16101353,16088780,11790199,13470908,13381634,9431529,12086153,11283078,
18039356,18651506,16443404,18303530,16338839,9515844,,13161338,
16140809,18652877,15759071,13463144,16900727,13934357,15315371,12339347,
18039569,18060395,15759071,17982338,11884168,13168653,16862534,7136788,
18039374,18295433,15764342,19702460,18419840,5181099,,12339347,
18039374,18261176,15764342,18307451,18419840,5181099,,13276568,
18039569,18167699,18911780,18686444,11884207,18442058,18076187,13562714,
18039356,18167699,18911780,18686444,11884207,18442058,18076187,13562714,
18640379,15614984,18911780,14444705,18539024,12400805,10467333,18297722,
18718496,18021440,18911771,18682472,18449441,13853267,,13190573,
18640379,18652877,15630473,18373469,17015456,13934357,,17001050,
18640379,18649997,15759071,14719271,18788645,13854197,,12339347,
16101464,18652886,11790199,14406062,5718431,9431634,18076082,13562693,
16101353,16314863,11541857,13470908,16900727,12400646,14705225,13562693,
19627808,19627259,19567628,18686444,18419840,19814000,,14958833,
14927675,11574458,11541857,919975,10165092,8802512,17743070,17970794,
18640379,16153055,11028636,18980858,18539024,15266783,,13276568,
18169268,15600971,11790199,18303725,17661089,10448835,,13276304,
18039512,18167699,15759071,17982338,15110762,13168653,16862534,13562714,
18039374,18060350,15764342,17982392,17525390,18005060,,15022826,
18039374,15693545,15759071,18307451,11884207,18442058,18076187,7136788,
19627808,17926781,18911780,18307451,18419840,12487337,,13538642,
18039374,18841790,18883523,19047491,17015456,18477077,,17000984,
18038831,18652877,16239410,19242692,19278527,15265577,,13276568,
16101326,15618923,11790199,14776451,16199669,9821508,12055514,13190519,
12625265,11578097,11541857,14776451,10285407,16200560,9892554,13161353,
18039356,18652865,18911780,18307451,18788645,18901058,19690001,18297002,
18039356,16084070,11790199,16313996,10423167,18503468,14110475,13161338,
17913311,17926763,15759071,17982338,11884207,13168653,16862453,13562693,
18039374,18261245,18700841,18681503,15894419,18442058,,13538642,
18640379,18652877,18911780,18681503,18751016,19814027,,13161338,
18039569,18261176,15764342,12822224,18419840,18894161,,13190711,
18640379,18649997,18883523,18668606,18419840,13934516,,13276568,
18039356,18652877,15759071,18668606,8173504,17853017,,13562714,
18038831,18652871,18486497,19774208,11884168,12487301,,13276568,
18169268,18874781,15759071,18840155,17780918,18477077,,13276304,
