product_seq,pci_type,pci_number
20324882,PCIex16,1
20324882,PCIex1,1
7452181,PCIex16,1
7452181,PCIex1,2
16284179,PCIex16,1
16284179,PCIex1,2
16083650,PCIex16,1
16083650,PCIex1,1
18652871,PCIex16,1
18652871,PCIex16(at x4),1
18652871,PCIex1,1
18652877,PCIex16,1
18652877,PCIex16(at x4),1
18652877,PCIex1,1
17971181,PCIex16,1
17971181,PCIex16(at x4),1
17971181,PCIex1,1
18021581,PCIex16,1
18021581,PCIex16(at x4),1
18021581,PCIex1,2
19536062,PCIex16,1
19536062,PCIex16(at x4),1
18649997,PCIex16,1
18649997,PCIex16(at x4),1
11571368,PCIex16,1
11571368,PCIex16(at x4),1
11571368,PCIex1,1
16089002,PCIex16,2
16089002,PCIex1,1
17971187,PCIex16,1
17971187,PCIex16(at x4),1
17971187,PCIex1,1
16084070,PCIex16,1
16084070,PCIex1,2
18060350,PCIex16,1
18060350,PCIex16(at x4),2
20593100,PCIex16,1
20593100,PCIex1,2
18357167,PCIex16,1
18357167,PCIex16(at x4),1
18357167,PCIex1,1
21727307,PCIex16,1
21727307,PCIex1,1
19628207,PCIex16,1
19628207,PCIex16(at x4),1
19628207,PCIex1,1
17971184,PCIex16,1
17971184,PCIex16(at x4),1
17971184,PCIex1,1
16301447,PCIex16,1
16301447,PCIex1,1
20391572,PCIex16,1
20391572,PCIex16(at x4),1
11684576,PCIex16,2
11684576,PCIex1,1
19177262,PCIex16,1
19177262,PCIex16(at x4),1
19177262,PCIex1,1
19627259,PCIex16,1
19627259,PCIex16(at x4),1
19627259,PCIex1,1
19498640,PCIex16,1
19498640,PCIex16(at x4),1
12067598,PCIex16,1
12067598,PCIex1,1
18651431,PCIex16,1
18651431,PCIex16(at x4),1
27915716,PCIex16,1
27915716,PCIex16(at x4),1
27915716,PCIex1,1
17926766,PCIex16,1
17926766,PCIex16(at x4),1
17926766,PCIex1,1
18059849,PCIex16,1
18059849,PCIex16(at x4),1
17926763,PCIex16,1
17926763,PCIex16(at x4),1
17926763,PCIex16(at x1),1
17926763,PCIex1,1
16088780,PCIex16,2
16088780,PCIex1,1
12464213,PCIex16,2
12464213,PCIex1,1
18599705,PCIex16,1
18599705,PCIex16(at x4),1
18599705,PCIex4,1
18599705,PCIex1,2
19673600,PCIex16,1
19673600,PCIex1,1
19919207,PCIex16,1
19919207,PCIex16(at x4),2
18651560,PCIex16,1
18651560,PCIex1,2
16427084,PCIex16,2
16427084,PCIex1,1
20238110,PCIex16,1
20238110,PCIex1,1
20608010,PCIex16,2
20608010,PCIex1,3
18652865,PCIex16,1
18652865,PCIex16(at x4),1
18652865,PCIex1,1
18165161,PCIex16,1
18165161,PCIex16(at x4),1
18036947,PCIex16,1
18036947,PCIex1,2
12069566,PCIex16,1
12069566,PCIex1,2
18113015,PCIex16,1
18113015,PCIex16(at x4),1
17971178,PCIex16,1
17971178,PCIex16(at x4),1
17971178,PCIex1,1
18376385,PCIex16,1
17926655,PCIex16,1
17926655,PCIex16(at x4),1
17926655,PCIex16(at x2),1
20119583,PCIex16,1
20119583,PCIex1,1
13147263,PCIex16,1
13147263,PCIex1,1
20344700,PCIex16,1
20344700,PCIex1,1
19827572,PCIex16,1
19827572,PCIex1,2
18021662,PCIex16,1
18021662,PCIex16(at x4),1
18021662,PCIex1,2
18976055,PCIex16,1
18976055,PCIex16(at x2),2
18167522,PCIex16,1
18167522,PCIex16(at x4),1
18167522,PCIex1,1
19772786,PCIex16,1
19772786,PCIex16(at x4),1
19772786,PCIex1,1
16637543,PCIex16,1
16637543,PCIex1,2
16637543,PCI,1
11934316,PCIex16,1
11934316,PCIex16(at x4),1
11934316,PCIex1,3
11574458,PCIex16,1
11574458,PCIex1,2
18167699,PCIex16,1
18167699,PCIex16(at x4),1
18167699,PCIex1,1
17971598,PCIex16,1
17971598,PCIex16(at x2),1
17971598,PCIex1,1
20231597,PCIex16,1
20231597,PCIex1,1
18109313,PCIex16,1
18109313,PCIex1,1
12487823,PCIex16,2
12487823,PCIex1,1
19926611,PCIex16,1
19926611,PCIex1,2
21427535,PCIex16,1
21427535,PCIex1,2
18651506,PCIex16,1
18651506,PCIex16(at x4),1
18841790,PCIex16,1
18841790,PCIex16(at x4),1
11572991,PCIex16,2
11572991,PCIex1,1
19844990,PCIex16,1
19844990,PCIex1,1
18261176,PCIex16,1
18261176,PCIex16(at x4),2
18173051,PCIex16,1
18173051,PCIex16(at x4),1
18173051,PCIex1,2
19755455,PCIex16,1
18264857,PCIex16,1
18264857,PCIex16(at x4),2
17970146,PCIex16,1
17970146,PCIex16(at x1),2
18584546,PCIex16,1
18584546,PCIex16(at x4),1
18054803,PCIex16,1
18054803,PCIex16(at x4),3
18054803,PCIex1,1
17926745,PCIex16,1
17926745,PCIex16(at x4),1
17926745,PCIex4,1
18448628,PCIex16,1
13980314,PCIex16,2
13980314,PCIex4,1
9480156,PCIex16,1
9480156,PCIex1,1
16094585,PCIex16,2
16094585,PCIex1,1
17971253,PCIex16,1
17971253,PCIex16(at x4),1
17971253,PCIex1,2
19536692,PCIex16,1
19536692,PCIex16(at x4),1
19536692,PCIex1,1
19926731,PCIex16,1
19926731,PCIex1,2
18172115,PCIex16,1
18172115,PCIex16(at x2),1
18172115,PCIex1,1
20459081,PCIex16,1
20459081,PCIex1,1
21421541,PCIex16,1
21421541,PCIex1,2
18112316,PCIex16,1
18112316,PCIex16(at x4),2
18060383,PCIex16,1
18060383,PCIex16(at x4),1
18060383,PCIex16(at x1),1
18060383,PCIex1,1
18312236,PCIex16,1
18312236,PCIex16(at x4),2
18021440,PCIex16,1
18021440,PCIex16(at x4),1
18021440,PCIex1,1
18993305,PCIex16,1
18993305,PCIex16(at x4),1
8542328,PCIex16,3
8542328,PCIex1,1
17917991,PCIex16,1
17917991,PCIex16(at x4),1
17917991,PCIex16(at x2),1
17917991,PCIex1,1
17926781,PCIex16,1
17926781,PCIex16(at x4),1
17926781,PCIex4,1
18421946,PCIex16,1
18421946,PCIex16(at x4),1
18421946,PCIex1,1
18652874,PCIex16,1
18652874,PCIex16(at x4),1
18652874,PCIex1,1
16134440,PCIex16,1
16134440,PCIex1,2
19704527,PCIex16,1
19704527,PCIex16(at x4),1
19704527,PCIex16(at x1),1
18662789,PCIex16,1
16301462,PCIex16,2
17970338,PCIex16,1
17970338,PCIex16(at x4),1
18650483,PCIex16,1
18650483,PCIex1,2
17971604,PCIex16,1
17971604,PCIex16(at x4),1
17971604,PCIex1,2
19704017,PCIex16,1
18044582,PCIex16,1
18044582,PCIex16(at x4),2
18044582,PCIex1,2
16153055,PCIex16,3
12022880,PCIex16,1
18420125,PCIex16,1
18420125,PCIex1,1
18662669,PCIex16,1
18662669,PCIex16(at x4),1
18662669,PCIex1,2
19692893,PCIex16,1
19692893,PCIex1,1
21386576,PCIex16,1
21386576,PCIex1,1
21596222,PCIex16,1
21596222,PCIex16(at x4),2
21596222,PCIex1,2
16814663,PCIex16,2
16814663,PCIex1,1
18021491,PCIex16,1
18021491,PCIex16(at x4),1
18021491,PCIex1,1
15617057,PCIex16,2
15617057,PCIex4,1
15617057,PCIex1,1
11751599,PCIex16,2
11751599,PCIex1,1
19754957,PCIex16,1
19754957,PCIex1,1
17926772,PCIex16,1
17926772,PCIex16(at x4),2
17926772,PCIex1,1
6914983,PCIex16,1
6914983,PCIex8,1
6914983,PCI,2
18044567,PCIex16,1
18044567,PCIex16(at x4),1
18044567,PCIex1,2
18157412,PCIex16,1
18157412,PCIex1,1
18274538,PCIex16,1
18274538,PCIex16(at x4),1
18274538,PCIex16(at x2),1
19936247,PCIex16,1
19936247,PCIex1,2
11574545,PCIex16,1
11574545,PCIex1,2
27475169,PCIex16,1
27475169,PCIex16(at x4),1
27475169,PCIex16(at x1),1
27475169,PCIex1,1
19995881,PCIex16,1
18780872,PCIex16,1
18780872,PCIex16(at x1),2
20079428,PCIex16,1
20079428,PCIex16(at x4),2
20079428,PCIex1,1
19090373,PCIex16,1
19090373,PCIex16(at x4),1
20760632,PCIex16,1
20760632,PCIex16(at x4),2
27499739,PCIex16,1
27499739,PCIex1,2
17847224,PCIex16,1
17847224,PCIex1,1
18007499,PCIex16,1
18007499,PCIex16(at x4),1
28010348,PCIex16,1
28010348,PCIex1,1
19725299,PCIex16,1
19725299,PCIex1,1
27634559,PCIex16,1
27634559,PCIex1,2
20287199,PCIex16,1
20287199,PCIex16(at x1),3
16314863,PCIex16,1
16314863,PCIex1,1
18651329,PCIex16,1
18651329,PCIex16(at x1),1
16089554,PCIex16,2
16089554,PCIex1,1
17925728,PCIex16,1
17925728,PCIex16(at x4),1
18663455,PCIex16,1
18663455,PCIex1,1
21759887,PCIex16,1
21759887,PCIex1,1
20710217,PCIex16,1
20710217,PCIex1,2
17353070,PCIex16,1
17353070,PCIex1,1
18265187,PCIex16,1
18265187,PCIex16(at x4),1
18265187,PCIex16(at x1),1
18265187,PCIex1,1
11575373,PCIex16,2
11575373,PCIex1,1
18060395,PCIex16,1
18060395,PCIex16(at x4),1
18060395,PCIex1,1
20182508,PCIex16,1
20182508,PCIex16(at x4),1
11764859,PCIex16,2
11764859,PCIex1,2
19830806,PCIex16,1
18652601,PCIex16,1
18652601,PCIex1,1
18265715,PCIex16,1
18265715,PCIex16(at x4),1
18265715,PCIex1,2
19925807,PCIex16,1
19925807,PCIex1,2
19170107,PCIex16,1
19170107,PCIex1,1
18189497,PCIex16,1
18189497,PCIex16(at x1),2
18059252,PCIex16,1
18059252,PCIex16(at x4),2
18059252,PCIex1,1
27475223,PCIex16,1
27475223,PCIex16(at x4),2
27475223,PCIex1,1
18060356,PCIex16,1
18060356,PCIex16(at x4),1
18060356,PCIex1,2
19705316,PCIex16,1
19705316,PCIex1,1
21428693,PCIex16,1
21428693,PCIex1,1
19756199,PCIex16,1
19756199,PCIex16(at x4),1
19756199,PCIex1,2
16103177,PCIex16,1
16103177,PCIex1,1
19999916,PCIex16,1
19999916,PCIex1,1
19755890,PCIex16,1
19755890,PCIex1,2
18021842,PCIex16,1
18021842,PCIex16(at x4),1
18021842,PCIex1,2
8542178,PCIex16,2
8542178,PCIex1,3
18295433,PCIex16,1
18295433,PCIex16(at x4),2
18054881,PCIex16,1
18054881,PCIex16(at x4),3
18054881,PCIex1,1
19834694,PCIex16,1
19834694,PCIex1,1
19924310,PCIex16,1
19924310,PCIex1,2
15618923,PCIex16,3
15618923,PCIex1,1
17831615,PCIex16,1
17831615,PCIex1,1
17915426,PCIex16,1
17915426,PCIex16(at x4),1
17915426,PCIex16(at x2),1
18874781,PCIex16,1
18874781,PCIex16(at x4),1
18874781,PCIex1,1
17926658,PCIex16,1
17926658,PCIex16(at x4),1
17926658,PCIex16(at x2),1
19926059,PCIex16,1
19926059,PCIex1,2
18261245,PCIex16,1
18261245,PCIex16(at x4),1
18261245,PCIex16(at x1),1
18261245,PCIex1,1
18781991,PCIex16,1
18781991,PCIex1,2
18652889,PCIex16,1
18652889,PCIex1,2
11649263,PCIex16,2
11649263,PCIex1,1
19306598,PCIex16,1
19306598,PCIex16(at x4),1
19306598,PCIex1,2
21731021,PCIex16,1
21731021,PCIex1,1
12121013,PCIex16,1
21627827,PCIex16,1
21627827,PCIex16(at x4),1
20612690,PCIex16,1
20612690,PCIex1,1
20612690,PCI,1
18204425,PCIex16,1
18204425,PCIex16(at x4),1
18204425,PCIex16(at x2),1
18652868,PCIex16,1
18652868,PCIex16(at x4),1
18652868,PCIex1,1
19619507,PCIex16,1
19619507,PCIex1,1
14005334,PCIex16,1
14005334,PCIex1,1
20505392,PCIex16,1
21628184,PCIex16,1
21628184,PCIex16(at x4),1
18412733,PCIex16,1
18412733,PCIex16(at x1),1
18412733,PCIex1,1
18412733,PCI,1
18670778,PCIex16,1
18670778,PCIex1,1
16103219,PCIex16,3
18112607,PCIex16,1
18112607,PCIex16(at x4),1
18112607,PCIex16(at x1),1
18060878,PCIex16,1
18060878,PCIex1,1
18403334,PCIex16,1
18403334,PCIex1,1
19772375,PCIex16,1
19772375,PCIex16(at x4),1
19772375,PCIex16(at x1),1
20444672,PCIex16,1
20444672,PCIex16(at x4),1
18007478,PCIex16,1
18007478,PCIex16(at x4),1
18007478,PCIex1,1
18652883,PCIex16,1
18652883,PCIex16(at x4),1
18652883,PCIex1,1
17667608,PCIex16,5
18336908,PCIex16,1
18336908,PCIex16(at x4),1
27698261,PCIex16,1
27698261,PCIex1,1
18113240,PCIex16,1
18113240,PCIex1,1
28127945,PCIex16,1
28127945,PCIex16(at x4),1
28127945,PCIex1,1
18044558,PCIex16,1
18044558,PCIex16(at x4),1
18044558,PCIex1,2
17929595,PCIex16,1
17929595,PCIex16(at x4),1
17929595,PCIex1,1
16097975,PCIex16,2
16097975,PCIex1,3
21482249,PCIex16,1
21482249,PCIex1,2
19903640,PCIex16,1
19903640,PCIex16(at x4),1
19903640,PCIex1,1
16827602,PCIex16,1
17926670,PCIex16,1
17926670,PCIex16(at x4),1
17926670,PCIex16(at x1),1
17926670,PCIex1,1
17926799,PCIex16,1
17926799,PCIex16(at x4),1
17926799,PCIex4,1
12092663,PCIex16,1
12092663,PCIex1,1
27474755,PCIex16,1
27474755,PCIex16(at x4),1
27474755,PCIex1,1
27779696,PCIex16,1
27779696,PCIex1,1
19572686,PCIex16,1
19572686,PCIex16(at x4),1
19572686,PCIex1,1
17910983,PCIex16,1
17910983,PCIex1,2
8507295,PCIex16,3
8507295,PCIex1,2
19691621,PCIex16,1
19691621,PCIex16(at x1),2
18813608,PCIex16,1
18813608,PCIex1,2
19648718,PCIex16,1
19648718,PCIex16(at x4),1
19648718,PCIex1,1
17926796,PCIex16,1
18265439,PCIex16,1
18265439,PCIex16(at x4),1
18265439,PCIex1,1
18094733,PCIex16,1
18154367,PCIex16,1
18154367,PCIex16(at x1),2
18060386,PCIex16,1
18060386,PCIex16(at x4),1
18060386,PCIex1,1
20318291,PCIex16,1
20318291,PCIex16(at x2),1
20318291,PCIex1,2
17926787,PCIex16,1
17926787,PCIex16(at x4),1
17926787,PCIex16(at x1),1
16500779,PCIex16,1
18186989,PCIex16,1
18186989,PCIex16(at x1),2
16262660,PCIex16,2
16262660,PCIex1,1
18154397,PCIex16,1
18154397,PCIex16(at x4),1
18154397,PCIex1,2
19827944,PCIex16,1
19827944,PCIex1,2
18652880,PCIex16,1
18652880,PCIex16(at x4),1
18652880,PCIex1,1
17926790,PCIex16,1
20108249,PCIex1,2
20506130,PCIex16,1
20506130,PCIex1,2
16882091,PCIex16,2
16882091,PCIex1,1
17926637,PCIex16,1
17125895,PCIex16,3
17125895,PCIex1,1
20120033,PCIex16,1
20120033,PCIex1,2
21497582,PCIex16,1
21497582,PCIex1,1
20013098,PCIex16,1
20013098,PCIex16(at x4),2
20013098,PCIex1,1
17926661,PCIex16,1
17926661,PCIex16(at x4),1
17926661,PCIex16(at x2),1
20462924,PCIex16,1
20462924,PCIex1,1
13158384,PCIex16,1
13158384,PCIex16(at x4),1
16102988,PCIex16,2
16102988,PCIex1,1
20027564,PCIex16,1
20027564,PCIex1,1
12077093,PCIex16,1
12077093,PCIex1,2
21400361,PCIex16,1
21400361,PCIex1,2
18052667,PCIex16,1
18052667,PCIex16(at x4),1
13562387,PCIex16,7
20471945,PCIex16,1
19927037,PCIex16,1
19927037,PCIex1,2
27634160,PCIex16,1
27634160,PCIex1,1
27546074,PCIex16,1
27546074,PCIex1,1
19556996,PCIex16,2
19556996,PCIex16(at x4),2
19556996,PCIex1,1
18044417,PCIex16,1
18044417,PCIex16(at x4),1
18044417,PCIex4,1
18044417,PCIex1,2
21695969,PCIex16,1
21695969,PCIex1,1
12060293,PCIex16,1
12060293,PCIex1,2
20178734,PCIex16,1
20178734,PCIex1,1
17971199,PCIex16,1
17971199,PCIex16(at x4),1
17971199,PCIex1,2
19098683,PCIex16,1
19098683,PCIex16(at x4),1
18474035,PCIex16,1
20171636,PCIex16,1
20171636,PCIex1,2
20524469,PCIex16,1
20524469,PCIex16(at x4),1
17926769,PCIex16,1
5143863,PCIex16,1
5143863,PCIex1,2
20280200,PCIex16,1
20280200,PCIex1,1
18650078,PCIex16,1
18650078,PCIex16(at x4),1
6024335,PCIex16,1
6024335,PCIex1,2
18967931,PCIex16,1
18967931,PCIex16(at x4),2
18967931,PCIex1,2
13844039,PCIex16,2
13844039,PCIex1,1
18652196,PCIex16,1
18652196,PCIex1,1
20126900,PCIex16,1
20126900,PCIex1,2
20126900,PCI,1
20405063,PCIex16,1
20405063,PCIex16(at x4),1
20405063,PCIex1,1
18652586,PCIex16,1
18652586,PCIex1,1
18718829,PCIex16,1
18718829,PCIex16(at x4),1
18718829,PCIex1,1
12629378,PCIex16,2
12629378,PCIex1,1
18059516,PCIex16,1
18059516,PCIex16(at x4),2
18059516,PCIex1,1
18646550,PCIex16,1
18646550,PCIex1,1
18254819,PCIex16,1
18254819,PCIex16(at x4),1
18153362,PCIex16,1
18153362,PCIex16(at x4),1
19163258,PCIex16,1
19163258,PCIex16(at x1),2
18716924,PCIex16,1
19242146,PCIex16,1
19242146,PCIex1,1
18652151,PCIex16,1
18652151,PCIex16(at x4),1
18652151,PCIex16(at x1),1
18652151,PCIex1,1
13746323,PCIex16,3
13746323,PCIex1,2
20530115,PCIex16,1
20530115,PCIex16(at x4),1
27409910,PCIex16,1
27409910,PCIex1,1
18052340,PCIex16,1
18052340,PCIex16(at x4),1
18052340,PCIex1,3
18059699,PCIex16,1
17926778,PCIex16,1
17926778,PCIex16(at x2),1
17929628,PCIex16,1
18044519,PCIex16,1
18044519,PCIex16(at x4),1
18044519,PCIex1,1
7452148,PCIex16,1
7452148,PCIex4,1
7452148,PCIex1,1
18781067,PCIex16,1
18781067,PCIex16(at x1),2
18058475,PCIex16,1
18058475,PCIex16(at x4),1
18058475,PCIex4,1
18058475,PCIex1,2
18052067,PCIex16,1
18052067,PCIex16(at x4),1
18052067,PCIex1,2
16103105,PCIex16,2
16103105,PCIex1,1
18967898,PCIex16,1
18967898,PCIex16(at x4),2
18967898,PCIex1,2
16095767,PCIex16,1
16095767,PCIex1,1
19608629,PCIex16,1
19608629,PCIex16(at x4),1
19608629,PCIex1,1
17926424,PCIex16,1
17926424,PCIex1,2
18254966,PCIex16,1
18254966,PCIex16(at x4),2
18254966,PCIex1,1
19903481,PCIex16,1
19903481,PCIex16(at x4),1
19903481,PCIex1,2
18330392,PCIex16,1
18330392,PCIex16(at x4),2
25129808,PCIex16,6
25208807,PCIex16,4
21574646,PCIex16,1
21574646,PCIex1,2
18060392,PCIex16,1
18060374,PCIex16,1
18060374,PCIex16(at x4),1
18060374,PCIex16(at x2),1
27157916,PCIex16,1
27157916,PCIex16(at x4),2
27157916,PCIex1,2
18718865,PCIex16,1
18718865,PCIex16(at x4),2
20079008,PCIex16,1
20079008,PCIex16(at x4),1
20079008,PCIex16(at x1),2
19627397,PCIex16,2
19627397,PCIex1,1
27632780,PCIex16,1
27632780,PCIex16(at x4),1
27632780,PCIex1,1
17926757,PCIex16,1
18403331,PCIex16,1
18403331,PCIex1,1
18044522,PCIex16,1
18044522,PCIex16(at x4),1
18044522,PCIex1,1
16103102,PCIex16,2
16103102,PCIex1,1
17793371,PCIex16,1
17793371,PCIex1,1
19566989,PCIex16,1
19566989,PCIex16(at x4),1
19566989,PCIex1,3
12797720,PCIex16,1
12797720,PCIex1,1
18060353,PCIex16,1
18060353,PCIex16(at x4),1
18060353,PCIex1,2
18652886,PCIex16,1
18652886,PCIex1,1
19772675,PCIex16,1
19772675,PCIex16(at x4),1
19772675,PCIex1,2
19938515,PCIex16,1
19938515,PCIex1,1
19772732,PCIex16,1
19772732,PCIex16(at x4),1
19772732,PCIex1,1
19606709,PCIex16,1
19606709,PCIex16(at x4),1
19606709,PCIex1,2
5064931,PCIex16,1
5064931,PCIex1,2
18646934,PCIex16,1
18646934,PCIex1,1
16099889,PCIex16,1
7015291,PCIex16,2
7015291,PCIex1,4
18650654,PCIex16,1
18650654,PCIex16(at x1),2
17926751,PCIex16,1
19673210,PCIex16,1
19673210,PCIex16(at x4),1
19673210,PCIex16(at x1),1
18725312,PCIex16,1
18725312,PCIex1,2
13653038,PCIex16,1
13653038,PCIex1,1
18000098,PCIex16,1
18000098,PCIex16(at x4),2
18000098,PCIex1,1
18651545,PCIex16,1
18651545,PCIex16(at x4),1
12130286,PCIex16,1
12130286,PCIex1,1
18044462,PCIex16,1
18044462,PCIex16(at x4),1
18044462,PCIex4,1
18044462,PCIex1,2
17970548,PCIex16,1
17970548,PCIex16(at x4),1
17970548,PCIex16(at x1),1
27629561,PCIex16,1
27629561,PCIex1,2
11825848,PCIex16,2
11825848,PCIex1,1
18375494,PCIex16,1
18255077,PCIex16,1
18255077,PCIex16(at x4),2
18255077,PCIex1,1
18053897,PCIex16,1
18053897,PCIex16(at x4),2
18053897,PCIex1,1
18060389,PCIex16,1
18060389,PCIex16(at x4),1
18060389,PCIex1,1
18060371,PCIex16,1
19670843,PCIex16,1
19670843,PCIex1,2
19670843,PCI,1
17926748,PCIex16,1
17926748,PCIex16(at x4),1
17926748,PCIex16(at x1),1
18052997,PCIex16,1
18060380,PCIex16,1
18060380,PCIex16(at x4),1
18060380,PCIex16(at x1),1
18060380,PCIex1,1
19605602,PCIex16,1
19605602,PCIex16(at x4),1
19605602,PCIex16(at x1),1
13289171,PCIex16,2
13289171,PCIex1,1
18725876,PCIex16,1
18725876,PCIex16(at x4),1
18725876,PCIex1,1
18918575,PCIex16,1
18918575,PCIex16(at x4),1
18918575,PCIex1,1
17792948,PCIex16,1
17792948,PCIex1,1
17971259,PCIex16,1
17971259,PCIex16(at x4),1
17971259,PCIex1,1
18725831,PCIex16,1
18725831,PCIex16(at x4),1
18725831,PCIex1,1
9500100,PCIex16,3
9500100,PCIex1,3
20505809,PCIex16,1
18060362,PCIex16,1
18060362,PCIex16(at x4),1
18060362,PCIex1,3
16102367,PCIex16,1
16102367,PCIex1,1
18060347,PCIex16,1
18060347,PCIex16(at x4),1
18060347,PCIex16(at x1),1
19429325,PCIex16,1
19429325,PCIex16(at x4),1
19429325,PCIex1,2
18169370,PCIex16,1
18169370,PCIex16(at x4),1
11571272,PCIex16,2
11571272,PCIex1,3
18815243,PCIex16,1
18815243,PCIex16(at x1),2
11574341,PCIex16,2
11574341,PCIex1,3
21755828,PCIex16,1
21755828,PCIex16(at x4),1
19356875,PCIex16,1
19356875,PCIex1,1
13154493,PCIex16,1
13154493,PCIex1,2
18295808,PCIex16,1
18295808,PCIex16(at x4),2
27572138,PCIex16,1
27572138,PCIex1,1
19607402,PCIex16,1
19607402,PCIex16(at x4),1
19607402,PCIex1,1
18255188,PCIex16,1
16103138,PCIex16,1
16103138,PCIex1,1
18140852,PCIex16,1
18140852,PCIex16(at x4),1
18140852,PCIex1,1
12086510,PCIex16,1
12086510,PCIex1,1
21518960,PCIex16,2
21518960,PCIex16(at x4),1
19903283,PCIex16,1
19903283,PCIex16(at x4),1
19903283,PCIex1,2
18052460,PCIex16,1
18052460,PCIex16(at x4),1
18052460,PCIex1,1
17926742,PCIex16,1
17926742,PCIex16(at x4),1
17926742,PCIex4,1
19756130,PCIex16,1
19756130,PCIex16(at x4),1
19756130,PCIex1,2
17926775,PCIex16,1
17926775,PCIex16(at x4),2
17926775,PCIex1,1
20317796,PCIex16,1
20317796,PCIex16(at x4),1
20317796,PCIex1,1
27675110,PCIex16,1
27675110,PCIex1,1
18981086,PCIex16,1
18981086,PCIex16(at x1),2
28029617,PCIex16,1
28029617,PCIex1,1
16103186,PCIex16,2
16103186,PCIex1,2
18039902,PCIex16,1
18039902,PCIex16(at x4),2
17847248,PCIex16,1
17847248,PCIex1,1
18663521,PCIex16,1
18663521,PCIex16(at x4),1
20014406,PCIex16,1
20014406,PCIex16(at x4),1
20014406,PCIex16(at x1),2
17926736,PCIex16,1
17926736,PCIex16(at x2),1
19427744,PCIex16,1
19427744,PCIex16(at x4),1
19427744,PCIex1,2
20140877,PCIex16,1
20140877,PCIex1,2
18646154,PCIex16,1
18646154,PCIex1,1
19691519,PCIex16,1
19691519,PCIex16(at x1),2
18651404,PCIex16,1
18651404,PCIex16(at x1),2
16260506,PCIex16,1
16260506,PCIex1,1
18192749,PCIex16,2
18192749,PCIex4,1
18192749,PCIex1,1
19996577,PCIex16,1
19996577,PCIex16(at x1),2
18060368,PCIex16,1
18060368,PCIex16(at x4),1
18254912,PCIex16,1
18254912,PCIex16(at x4),2
18254912,PCIex1,1
18060365,PCIex16,1
18060365,PCIex16(at x4),1
18060365,PCIex1,1
17971202,PCIex16,1
17971202,PCIex16(at x4),1
17971202,PCIex1,1
25866491,PCIex16,1
25866491,PCIex1,1
20343650,PCIex16,1
20343650,PCIex1,2
20317493,PCIex16,1
20317493,PCIex1,2
16314473,PCIex16,1
16314473,PCIex1,1
20536331,PCIex16,1
20536331,PCIex1,2
20536331,PCI,1
6051885,PCIex16,1
6051885,PCIex1,1
18652904,PCIex16,1
18652904,PCIex16(at x4),1
18652904,PCIex1,1
11337861,PCIex16,1
14348456,PCIex16,3
14348456,PCIex1,2
19995209,PCIex16,1
19772489,PCIex16,1
19772489,PCIex16(at x4),1
19772489,PCIex16(at x1),1
16103126,PCIex16,2
16103126,PCIex1,2
17971247,PCIex16,1
17971247,PCIex16(at x4),1
17971247,PCIex1,1
18054518,PCIex16,1
18054518,PCIex16(at x4),1
18054518,PCIex1,2
19608158,PCIex16,1
19608158,PCIex16(at x4),1
19608158,PCIex1,1
18059426,PCIex16,1
18059426,PCIex16(at x4),2
18059426,PCIex1,1
12940763,PCIex1,1
18645974,PCIex16,1
18645974,PCIex16(at x4),1
18645974,PCIex16(at x1),1
18645974,PCIex1,1
18450659,PCIex16,1
18450659,PCIex16(at x4),1
18450659,PCIex16(at x1),1
19610558,PCIex16,1
19610558,PCIex1,1
18652901,PCIex16,1
18652901,PCIex16(at x4),1
18652901,PCIex16(at x1),1
18652901,PCIex1,2
18645065,PCIex16,1
18645065,PCIex16(at x4),1
18645065,PCIex1,1
18725330,PCIex16,1
18725330,PCIex16(at x4),1
18725330,PCIex1,2
27636314,PCIex16,1
27636314,PCIex16(at x4),1
19606931,PCIex16,1
19606931,PCIex16(at x4),1
19606931,PCIex1,2
18060779,PCIex16,1
18060779,PCIex16(at x4),1
18060779,PCIex1,1
13154523,PCIex16,1
13154523,PCIex16(at x4),1
13154523,PCIex16(at x1),1
13154523,PCIex1,1
20013806,PCIex16,1
20013806,PCIex16(at x4),1
20013806,PCIex1,1
17968601,PCIex16,4
17968601,PCIex8,3
27635057,PCIex16,1
27635057,PCIex16(at x4),1
27635057,PCIex1,3
20103287,PCIex16,1
20103287,PCIex16(at x4),1
19622384,PCIex16,1
19622384,PCIex1,2
19622384,PCI,1
17697992,PCIex16,1
18652898,PCIex16,1
18652898,PCIex16(at x4),1
18652898,PCIex16(at x1),1
18044549,PCIex16,1
18044549,PCIex16(at x4),1
18044549,PCIex1,2
18128375,PCIex16,1
18128375,PCIex16(at x4),1
18128375,PCIex1,2
18652253,PCIex16,1
18652253,PCIex16(at x4),1
18652253,PCIex1,1
18300131,PCIex16,1
18300131,PCIex16(at x4),1
18300131,PCIex1,1
12689597,PCIex16,3
12689597,PCIex4,1
12689597,PCIex1,1
18652442,PCIex16,1
18652442,PCIex1,2
13158504,PCIex16,1
13158504,PCIex16(at x4),1
13158504,PCIex1,1
18140294,PCIex16,1
18140294,PCIex16(at x1),2
18000254,PCIex16,1
18000254,PCIex16(at x4),2
18000254,PCIex1,1
19673975,PCIex1,1
18007490,PCIex16,1
18645737,PCIex16,1
18645737,PCIex16(at x4),1
18645737,PCIex1,1
18651962,PCIex16,1
18651962,PCIex16(at x4),1
18651962,PCIex16(at x1),1
16103129,PCIex16,2
16103129,PCIex1,2
18060377,PCIex16,1
18060377,PCIex16(at x4),2
18060377,PCIex1,1
8654246,PCIex16,5
8654246,PCIex8,2
16455641,PCIex16,1
16455641,PCIex16(at x4),1
16455641,PCIex1,2
16260212,PCIex16,2
16260212,PCIex1,2
18649769,PCIex16,1
18649769,PCIex16(at x1),1
18652511,PCIex16,1
18652511,PCIex1,2
18054248,PCIex16,1
18054248,PCIex16(at x4),1
18054248,PCIex16(at x1),1
15614984,PCIex16,3
19556108,PCIex16,7
15215861,PCIex16,2
15215861,PCIex1,1
16125881,PCIex16,2
16125881,PCIex1,2
18710297,PCIex16,1
18710297,PCIex16(at x4),1
18710297,PCIex1,2
16103087,PCIex16,2
16103087,PCIex1,2
16099766,PCIex16,2
16099766,PCIex1,2
18348485,PCIex16,1
18348485,PCIex16(at x4),1
18348485,PCIex1,2
17971196,PCIex16,1
17971196,PCIex16(at x2),1
17971196,PCIex1,1
18485645,PCIex16,1
18485645,PCIex16(at x4),1
18485645,PCIex1,2
20101856,PCIex16,1
20101856,PCIex1,1
18057965,PCIex16,1
18057965,PCIex16(at x4),1
18057965,PCIex1,2
18274787,PCIex16,1
18274787,PCIex16(at x4),1
18274787,PCIex1,1
9511734,PCIex16,3
9511734,PCIex1,2
14836523,PCIex16,1
14836523,PCIex1,1
18662558,PCIex16,1
18662558,PCIex16(at x4),1
18662558,PCIex1,2
18652895,PCIex16,1
18652895,PCIex1,2
19772603,PCIex16,1
19772603,PCIex16(at x4),1
19772603,PCIex1,2
17403119,PCIex16,1
17403119,PCIex1,1
18725357,PCIex16,1
19556732,PCIex16,2
19556732,PCIex16(at x4),2
19556732,PCIex1,1
18647414,PCIex16,1
18662405,PCIex16,1
18662405,PCIex16(at x4),1
18662405,PCIex1,2
12048893,PCIex16,1
12048893,PCIex16(at x4),1
12048893,PCIex1,3
27635753,PCIex16,1
27635753,PCIex16(at x4),1
27635753,PCIex16(at x2),1
17617955,PCIex16,1
17617955,PCIex1,1
16099739,PCIex16,2
16099739,PCIex1,2
18719444,PCIex16,1
18719444,PCIex16(at x4),1
18719444,PCIex1,2
13139136,PCIex16,1
13139136,PCIex16(at x4),1
13139136,PCIex4,1
21628397,PCIex16,2
21628397,PCIex16(at x4),1
17831603,PCIex16,1
17831603,PCIex1,1
20524634,PCIex16,1
20524634,PCIex1,1
20079251,PCIex16,1
20079251,PCIex16(at x4),1
20079251,PCIex1,1
19555430,PCIex16,1
19555430,PCIex8,1
18060359,PCIex16,1
18060359,PCIex16(at x4),1
18060359,PCIex1,3
13924289,PCIex16,3
13924289,PCIex1,2
18725342,PCIex16,1
18725342,PCIex16(at x4),1
18725342,PCIex1,2
11570354,PCIex16,1
11570354,PCIex1,2
18052283,PCIex16,1
18052283,PCIex16(at x4),1
18052283,PCIex1,3
18060821,PCIex16,1
18060821,PCIex16(at x4),1
5857728,PCIex16,4
5857728,PCIex4,1
18412718,PCIex16,1
18412718,PCIex1,1
18412718,PCI,1
18169559,PCIex16,1
18169559,PCIex16(at x4),2
18169559,PCIex1,1
3226637,PCIex8,2
3226637,PCIex1,1
20140688,PCIex16,1
20140688,PCIex1,2
27633896,PCIex16,1
27633896,PCIex16(at x4),1
27633896,PCIex16(at x1),1
27633896,PCIex1,1
18262592,PCIex16,2
18262592,PCIex1,1
6914917,PCIex16,1
6914917,PCIex8,1
6914917,PCI,1
19868960,PCIex16,1
19868960,PCIex1,1
19649354,PCIex16,1
19649354,PCIex16(at x2),1
19649354,PCIex1,1
19927871,PCIex16,1
16103114,PCIex16,2
16103114,PCIex1,2
16103234,PCIex16,3
16427216,PCIex16,2
16427216,PCIex1,1
15603704,PCIex16,3
25638305,PCIex16,2
25638305,PCIex16(at x4),1
9647316,PCIex16,3
9647316,PCIex1,2
15616787,PCIex16,3
12060863,PCIex16,1
12060863,PCIex1,2
5857774,PCIex16,7
18054935,PCIex16,1
18054935,PCIex16(at x4),1
18054935,PCIex1,2
9302775,PCIex16,1
9302775,PCIex1,1
18169490,PCIex16,1
18169490,PCIex16(at x4),2
18169490,PCIex1,1
20471387,PCIex16,1
20471387,PCIex16(at x4),1
18815033,PCIex16,1
18815033,PCIex16(at x1),2
12065594,PCIex16,1
12065594,PCIex1,2
2494395,PCIex16,1
2494395,PCIex1,2
16098902,PCIex16,2
16098902,PCIex1,1
16824314,PCIex16,2
16824314,PCIex1,1
16285538,PCIex16,2
16285538,PCIex1,1
17847254,PCIex16,1
17847254,PCIex1,1
17847233,PCIex16,1
17847233,PCIex1,1
13191455,PCIex16,1
13191455,PCIex16(at x4),1
13191455,PCIex1,3
13628021,PCIex16,1
13628021,PCIex1,1
12130319,PCIex16,1
12130319,PCIex1,1
6016659,PCIex16,1
6016659,PCIex4,1
6016659,PCIex1,4
6016659,PCI,1
18716867,PCIex16,1
18716867,PCIex16(at x4),1
18716867,PCIex1,2
17541941,PCIex16,1
17541941,PCIex1,2
17541941,PCI,1
28059134,PCIex16,1
28059134,PCIex1,1
17971205,PCIex16,1
17971205,PCIex16(at x4),1
17971205,PCIex1,1
11398728,PCIex16,1
11319750,PCIex16,1
15722276,PCIex16,2
15722276,PCIex1,3
8513403,PCIex16,3
8513403,PCIex1,1
20012147,PCIex16,1
20012147,PCIex16(at x4),1
20012147,PCIex1,2
15755711,PCIex16,2
15755711,PCIex1,3
18021965,PCIex16,1
18021965,PCIex16(at x4),2
18021965,PCIex1,2
13830011,PCIex16,1
13830011,PCIex1,1
19725047,PCIex16,1
19725047,PCIex1,2
19725047,PCI,1
16167980,PCIex16,2
16167980,PCIex1,1
25213067,PCIex16,1
25213067,PCIex1,1
19753526,PCIex1,1
17971193,PCIex16,1
17971193,PCIex16(at x4),1
19431530,PCIex16,1
19431530,PCIex1,1
12761789,PCIex16,4
12761789,PCIex1,1
11743040,mini-PCIe(mPCIe),1
11399493,PCIex16,1
18649409,PCIex16,1
18649409,PCIex16(at x1),2
3548546,PCIex16,1
3548546,PCIex1,2
15298127,PCIex16,1
15298127,PCIex8,2
18652220,PCIex16,1
18652220,PCIex16(at x4),1
18652220,PCIex1,1
13422815,PCIex16,1
23548343,PCIex16,1
23548343,PCIex16(at x4),1
23548343,PCIex1,3
25869083,PCIex16,1
25869083,PCIex1,1
18976274,PCIex16,1
18976274,PCIex1,1
16637738,PCIex16,2
16637738,PCIex1,1
11224269,PCIex16,3
11224269,PCIex1,3
15600971,PCIex16,3
15616676,PCIex16,2
15616676,PCIex1,1
18790607,PCIex16,1
18790607,PCIex1,2
16099619,PCIex16,1
16099619,PCIex1,1
15738464,PCIex16,3
15738464,PCIex1,1
17926784,PCIex16,1
17926784,PCIex16(at x4),1
17926784,PCIex4,1
18652892,PCIex16,1
5482817,PCIex16,5
10864752,PCIex16,1
10864752,PCIex1,2
10864752,PCI,1
16329473,PCIex16,2
16329473,PCIex1,1
15612413,PCIex16,2
15612413,PCIex4,1
15612413,PCIex1,2
11739743,PCIex16,4
11739743,PCIex1,2
27634862,PCIex16,1
27634862,PCIex1,1
5857695,PCIex16,4
5857695,PCIex4,1
12243425,PCIex16,3
12243425,PCIex1,2
13587644,PCIex16,2
13587644,PCIex1,2
18460412,PCIex16,1
18460412,PCIex16(at x4),1
18460412,PCIex16(at x1),1
15784451,PCIex16,2
15784451,PCIex1,1
19926275,PCIex16,1
19926275,PCIex16(at x4),2
18052187,PCIex16,1
18052187,PCIex16(at x4),1
18052187,PCIex1,2
16103330,PCIex16,1
16103330,PCIex1,1
15647252,PCIex16,3
15647252,PCIex1,1
16103111,PCIex16,1
16479920,PCIex16,1
16479920,PCIex1,2
16479920,PCI,1
27665750,PCIex16,1
27665750,PCIex16(at x4),2
27665750,PCIex1,1
13422614,PCIex16,3
13422614,PCIex1,1
15620588,PCIex16,3
15620588,PCIex1,2
14063930,PCIex16,1
11329152,PCIex16,2
11329152,PCIex1,3
17021852,PCIex16,1
17021852,PCIex1,2
17021852,PCI,1
16103348,PCIex16,1
16103348,PCIex1,2
11222694,PCIex16,1
16798469,PCIex16,2
16798469,PCIex1,1
6500307,PCIex16,1
6500307,PCIex1,2
11329311,PCIex16,3
11329311,PCIex1,2
18154490,PCIex16,1
18154490,PCIex16(at x4),1
18154490,PCIex1,1
14147171,PCIex16,2
14147171,PCIex1,3
13644035,PCIex16,1
13644035,PCIex1,1
12617759,PCIex16,2
12617759,PCIex1,1
16058795,PCIex16,2
16058795,PCIex1,1
17971244,PCIex16,1
17971244,PCIex16(at x2),1
17971244,PCIex1,1
15601613,PCIex16,2
15601613,PCIex4,1
15601613,PCIex1,2
18557519,PCIex16,1
18557519,PCIex1,1
16103345,PCIex16,2
16103345,PCIex1,1
16103345,PCI,1
13875599,PCIex16,2
13875599,PCIex4,1
8515863,PCIex16,1
15744581,PCIex16,3
9551721,PCIex16,2
9551721,PCIex1,2
15615839,PCIex16,3
16103336,PCIex16,3
8498229,PCIex16,3
8498229,PCIex1,1
16660088,PCIex16,1
16660088,PCIex1,2
8517171,PCIex16,3
8517171,PCIex1,2
11571746,PCIex16,2
11571746,PCIex1,2
18266843,PCIex16,1
18266843,PCIex16(at x1),2
15638834,PCIex16,3
15842255,PCIex16,1
6060171,PCIex16,1
6060171,PCIex1,2
15156329,PCIex16,2
15156329,PCIex1,2
16102667,PCIex16,1
16102667,PCIex1,1
6029420,PCIex16,2
6029420,PCIex1,2
11739779,PCIex16,1
11739779,PCIex8,1
11739779,PCIex1,1
4946644,PCIex16,1
4946644,PCIex1,2
4946644,PCI,2
12942161,PCIex16,2
12942161,PCIex16(at x4),1
12942161,PCIex1,2
18054704,PCIex16,1
18054704,PCIex16(at x4),3
18054704,PCIex1,1
13561976,PCIex16,2
13561976,PCIex1,1
20471477,PCIex16,1
20471477,PCIex16(at x4),1
16331876,PCIex16,2
16331876,PCIex1,1
15604190,PCIex16,2
15604190,PCIex1,1
10526130,PCIex16,2
10526130,PCIex1,1
8511729,PCIex16,2
8511729,PCIex1,3
11319420,PCIex16,3
11319420,PCIex1,2
16168394,PCIex16,2
15756542,PCIex16,3
15756542,PCIex1,1
11814517,PCIex16,2
11814517,PCIex1,1
6508751,PCIex16,2
6508751,PCIex1,2
7097008,PCIex16,1
7097008,PCIex1,1
16278929,PCIex16,2
16278929,PCIex1,1
10114683,PCIex16,4
10114683,PCIex1,1
12060446,PCIex16,1
12060446,PCIex1,2
9597318,PCIex16,3
9597318,PCIex1,3
19671590,PCIex16,1
19671590,PCIex1,2
19671590,PCI,1
12083765,PCIex16,1
12083765,PCIex1,2
7452226,PCIex16,1
7452226,PCIex1,2
12069485,PCIex16,1
12069485,PCIex1,2
11408766,PCIex16,1
11408766,PCIex1,2
11224182,PCIex16,2
11224182,PCIex1,2
15626120,PCIex16,3
15599711,PCIex16,4
15599711,PCIex1,1
16333610,PCIex16,1
16095542,PCIex16,1
16095542,PCIex1,2
16085843,PCIex16,2
16085843,PCIex1,2
15616700,PCIex16,1
19554155,PCIex16,4
16145474,PCIex16,2
16145474,PCIex1,2
6494926,PCIex16,1
6494926,PCIex1,2
10132605,PCIex16,4
14043278,PCIex16,1
15626513,PCIex16,3
6494014,PCIex16,2
6494014,PCIex1,4
19772519,PCIex16,1
19772519,PCIex16(at x4),1
19772519,PCIex1,2
18716702,PCIex16,1
18716702,PCIex16(at x4),1
18716702,PCIex1,2
19545191,PCIex16,1
19545191,PCIex1,1
15693545,PCIex16,3
15693545,PCIex1,1
15616640,PCIex16,2
15616640,PCIex1,2
13760447,PCIex16,2
13760447,PCIex1,1
11674511,PCIex16,2
11674511,PCIex1,2
15600512,PCIex16,1
15600512,PCIex4,2
15943754,PCIex16,3
8511207,PCIex16,3
8511207,PCIex1,3
13289012,PCIex16,2
13289012,PCIex1,2
12060134,PCIex16,1
12060134,PCIex1,2
6716767,PCIex16,3
6716767,PCIex1,2
15932150,PCIex16,3
8506491,PCIex16,2
8506491,PCIex1,2
15896510,PCIex16,2
15896510,PCIex4,1
8870018,PCIex16,1
8870018,PCIex8,1
8870018,PCIex4,1
8870018,PCIex1,2
6508368,PCIex16,3
6508368,PCIex1,3
6023621,PCIex16,1
6023621,PCIex4,1
6023621,PCIex1,4
18863900,PCIex16,1
18863900,PCIex1,1
15602549,PCIex16,3
14493074,PCIex16,2
14493074,PCIex1,1
9636948,PCIex16,2
9636948,PCIex1,1
15521669,PCIex16,1
15521669,PCIex1,2
8508369,PCIex16,2
8508369,PCIex1,2
8520741,PCIex16,2
8520741,PCIex1,3
11920246,PCIex16,3
12074945,PCIex16,1
12074945,PCIex1,2
6511874,PCIex16,3
6511874,PCIex1,3
16100000,PCIex16,2
16100000,PCIex1,1
12952262,PCIex16,2
12952262,PCIex1,2
8682218,PCIex16,3
8682218,PCIex1,2
16109294,PCIex16,1
16109294,PCIex1,2
16102010,PCIex16,1
16102010,PCIex1,2
15609011,PCIex16,3
15609011,PCIex1,1
11370333,PCIex16,1
6346757,PCIex16,1
6346757,PCIex1,2
16248347,PCIex16,2
16248347,PCIex1,3
16625258,PCIex16,1
16625258,PCIex1,1
15609182,PCIex16,4
15609182,PCIex1,1
12076919,PCIex16,1
12076919,PCIex1,2
7449106,PCIex16,1
7449106,PCIex1,1
16425494,PCIex16,2
16425494,PCIex4,1
16425494,PCIex1,2
16085180,PCIex16,3
16085180,PCIex1,2
15605645,PCIex16,1
15605645,PCIex4,2
9421983,PCIex16,3
9421983,PCIex1,2
15883439,PCIex16,1
13670681,PCIex16,1
13670681,PCIex4,1
13670681,PCIex1,1
13562528,PCIex16,2
13562528,PCIex1,3
16103333,PCIex16,1
16103333,PCIex1,1
27665717,PCIex16,1
27665717,PCIex16(at x4),2
27665717,PCIex1,1
16101656,PCIex16,2
11370792,PCIex16,2
11370792,PCIex1,1
11210139,PCIex16,3
11210139,PCIex1,1
16084790,PCIex16,1
16084790,PCIex1,1
8941832,PCIex16,1
8941832,PCIex1,2
17025563,PCIex16,1
17025563,PCIex16(at x4),1
17025563,PCIex1,1
15638999,PCIex16,2
15638999,PCIex1,1
6511865,PCIex16,3
6511865,PCIex1,1
16103342,PCIex16,2
16103324,PCIex16,2
16103324,PCIex1,2
11223567,PCIex16,3
11223567,PCIex1,2
8507937,PCIex16,2
8507937,PCIex1,2
4829871,PCIex1,2
16134524,PCIex16,1
16134524,PCIex1,2
8501835,PCIex16,3
8501835,PCIex1,2
16357988,PCIex16,2
16357988,PCIex1,1
11399340,PCIex16,2
11399340,PCIex1,2
16000253,PCIex16,3
16000253,PCIex1,1
15867830,PCIex16,4
15867830,PCIex1,1
8345859,PCIex16,7
6053634,PCIex16,2
6053634,PCIex1,3
5456968,PCIex16,4 
5456968,PCIex4,1
5456968,PCIex1,1
18169658,PCIex16,1
18169658,PCIex16(at x4),2
18169658,PCIex1,1
18054638,PCIex16,1
18054638,PCIex16(at x4),3
18054638,PCIex1,1
16087445,PCIex16,2
16087445,PCIex1,2
15003368,PCIex16,2
15003368,PCIex8,4
8514591,PCIex16,3
8514591,PCIex1,1
6978166,PCIex16,1
6978166,PCIex1,1
16619693,PCIex16,1
16619693,PCIex1,2
16427723,PCIex16,1
16427723,PCIex1,1
16252274,PCIex16,2
16103339,PCIex16,2
14978957,PCIex16,2
14978957,PCIex1,3
13822412,PCIex16,1
13822412,PCIex1,1
13683158,PCIex16,3
13408043,PCIex16,1
7128832,PCIex16,4
7128832,PCIex1,1
16085666,PCIex16,2
16085666,PCIex1,1
14872736,PCIex16,1
14872736,PCIex8,1
14872736,PCI,2
14109998,PCIex16,1
14109998,PCIex1,1
16084991,PCIex16,2
16084991,PCIex1,2
15744971,PCIex16,3
11408364,PCIex16,1
11408364,PCIex1,2
13377359,PCIex16,3
16085327,PCIex16,2
16085327,PCIex1,1
15618617,PCIex16,2
15618617,PCIex1,2
13867739,PCIex16,3
8542250,PCIex16,3
8542250,PCIex1,2
8507643,PCIex16,2
8507643,PCIex1,3
6023742,PCIex16,1
6023742,PCIex4,1
6023742,PCIex1,2
6736567,PCIex16,3
6736567,PCIex1,2
18650765,PCIex16,1
18650765,PCIex16(at x1),2
16480022,PCIex16,1
16480022,PCIex1,1
13422545,PCIex16,3
13422545,PCIex1,1
16479872,PCIex16,1
16479872,PCIex1,2
16479872,PCI,1
16087319,PCIex16,2
16087319,PCIex1,2
16085480,PCIex16,2
16085480,PCIex1,1
15783182,PCIex16,3
15783182,PCIex1,2
15616601,PCIex16,4
15616601,PCIex1,1
15600476,PCIex16,3
15600476,PCIex1,1
14943890,PCIex16,1
14943890,PCIex1,2
13817240,PCIex16,2
13817240,PCIex8,2
13774883,PCIex16,2
13774883,PCIex4,1
13355441,PCIex16,3
11656073,PCIex16,1
11656073,PCIex1,2
11232516,PCIex16,3
11232516,PCIex1,1
8542220,PCIex16,3
8542220,PCIex1,3
8506191,PCIex16,3
8506191,PCIex1,2
5375010,PCIex16,3
5375010,PCIex4,2
16638353,PCIex16,1
16638353,PCIex1,2
16638353,PCI,1
16099562,PCIex16,2
16099562,PCIex1,2
16094537,PCIex16,1
16094537,PCIex1,2
16086878,PCIex16,1
13947872,PCIex16,2
13947872,PCIex4,1
15791012,PCIex16,3
13524110,PCIex16,1
13524110,PCIex1,2
6508744,PCIex16,3
6508744,PCIex1,2
11337465,PCIex16,1
11337267,PCIex16,2
11337267,PCIex1,3
11231685,PCIex16,2
11231685,PCIex1,1
11223516,PCIex16,2
11223516,PCIex1,2
7424164,PCIex16,1
7424164,PCIex1,1
15638693,PCIex16,4
15638693,PCIex1,1
15605684,PCIex16,2
15605684,PCIex4,1
15605684,PCIex1,2
14177450,PCIex16,2
14177450,PCIex1,2
11413119,PCIex16,2
11413119,PCIex1,1
18342989,PCIex16,1
15895232,PCIex16,3
15895232,PCIex1,2
15609158,PCIex16,4
15609158,PCIex1,1
15606479,PCIex16,3
15605588,PCIex16,1
15605588,PCIex4,2
11572877,PCIex16,2
11572877,PCIex1,1
11399469,PCIex16,2
11399469,PCIex1,2
11331768,PCIex16,2
11331768,PCIex1,3
11210097,PCIex16,3
11210097,PCIex1,3
9252927,PCIex16,2
9252927,PCIex1,3
6508375,PCIex16,3
6508375,PCIex1,3
5720575,PCIex16,2
16479983,PCIex16,1
16479983,PCIex1,2
16479983,PCI,1
16099826,PCIex16,2
16099826,PCIex1,2
15639767,PCIex16,2
15639767,PCIex1,3
13662614,PCIex16,2
13662614,PCIex1,2
13602143,PCIex16,2
13602143,PCIex1,3
16087814,PCIex16,2
16087814,PCIex1,2
15774212,PCIex16,3
14403629,PCIex16,2
14403629,PCIex1,3
13933280,PCIex16,2
13933280,PCIex4,1
15601616,PCIex16,1
13486274,PCIex16,1
13486274,PCIex4,1
13486274,PCIex1,1
11231616,PCIex16,3
11231616,PCIex1,2
16099694,PCIex16,3
16099694,PCIex1,2
15758414,PCIex16,1
15758414,PCIex1,2
13775150,PCIex16,1
13775150,PCIex1,1
15616460,PCIex16,3
15616460,PCIex1,1
15599207,PCIex16,2
15599207,PCIex1,2
13803641,PCIex16,1
13803641,PCIex1,2
11223537,PCIex16,3
11223537,PCIex1,1
15603164,PCIex16,3
9769749,PCIex16,2
9769749,PCIex1,1
8101588,PCIex16,1
8101588,PCIex1,2
7887742,PCIex16,1
7887742,PCIex1,1
16638029,PCIex16,3
16638029,PCIex1,2
16411643,PCIex16,1
16101155,PCIex16,3
15860501,PCIex16,3
15860501,PCIex1,2
15824861,PCIex16,3
15739250,PCIex16,2
15739250,PCIex1,3
15605549,PCIex16,1
15605549,PCIex4,2
15601019,PCIex16,2
15601019,PCIex1,1
14872604,PCIex16,1
14872604,PCIex8,1
13643204,PCIex16,1
13643204,PCIex1,1
13448285,PCIex16,3
13358747,PCIex16,1
11396484,PCIex16,2
11396484,PCIex1,2
8508585,PCIex16,3
8508585,PCIex1,2
6352292,PCIex16,1
6352292,PCIex1,3
6352220,PCIex16,2
6352220,PCIex1,1
5329459,PCIex16,3
5329459,PCIex4,1
5329459,PCIex1,2
15638972,PCIex16,3
15638972,PCIex1,1
15598958,PCIex16,4
15598958,PCIex1,1
11337192,PCIex16,2
11337192,PCIex1,3
15156716,PCIex16,1
15156716,PCIex1,2
14872940,PCIex16,5
14872940,PCIex8,2
12077012,PCIex16,1
12077012,PCIex1,2
16332119,PCIex16,1
16332119,PCIex1,1
14403617,PCIex16,2
14403617,PCIex1,3
13949414,PCIex16,1
13949414,PCIex1,2
13924805,PCIex16,2
13924805,PCIex1,1
11328783,PCIex16,2
11328783,PCIex1,3
15653948,PCIex16,2
15653948,PCIex1,3
13658867,PCIex16,2
13658867,PCIex1,2
13584266,PCIex16,1
13584266,PCIex1,1
11369967,PCIex16,1
8747690,PCIex16,2
8747690,PCIex1,2
16571699,PCIex16,2
16571699,PCIex1,1
15773897,PCIex16,1
15773897,PCIex1,2
13424114,PCIex16,1
13424114,PCIex1,2
17354774,PCIex16,1
17354774,PCIex16(at x4),1
17354774,PCIex16(at x1),1
17354774,PCIex1,2
16670201,PCIex16,2
16670201,PCIex1,1
16530470,PCIex16,1
16530470,PCIex1,1
16103327,PCIex16,2
16103327,PCIex1,1
16103327,PCI,1
15694070,PCIex16,3
15694070,PCIex1,2
15616562,PCIex16,4
15616562,PCIex1,1
15606635,PCIex16,3
15606635,PCIex1,2
15601217,PCIex16,1
15601217,PCIex4,2
11328141,PCIex16,2
11328141,PCIex1,2
11297130,PCIex16,3
11231553,PCIex16,3
11210115,PCIex16,1
6017713,PCIex16,2
6017713,PCIex1,2
16194251,PCIex16,2
16194251,PCIex1,2
15638735,PCIex16,4
15638735,PCIex1,1
15106940,PCIex16,1
15106940,PCIex1,2
14718359,PCIex16,1
14718359,PCIex1,1
11321532,PCIex16,2
11321532,PCIex1,3
8508051,PCIex16,2
8508051,PCIex1,3
16660295,PCIex16,1
16660295,PCIex1,2
16660295,PCI,1
15653882,PCIex16,3
15653882,PCIex1,2
11371335,PCIex16,1
11371335,PCIex1,2
7424026,PCIex16,1
7424026,PCIex1,1
16660169,PCIex16,1
16660169,PCIex1,1
16405937,PCIex16,2
16405937,PCIex1,2
16169777,PCIex16,3
16169777,PCIex1,2
15003062,PCIex16,2
15003062,PCIex8,1
13355396,PCIex16,3
11297184,PCIex16,3
11297184,PCIex1,2
11231949,PCIex16,2
11231949,PCIex1,3
11224584,PCIex16,3
6163995,PCIex16,2
6163995,PCIex8,2
6032630,PCIex16,2
6032630,PCIex1,3
20645813,PCIex16,6
17773823,PCIex16,1
17773823,PCIex16(at x4),1
17773823,PCIex1,2
16103297,PCIex16,1
16103297,PCIex1,1
20738630,PCIex16,1
20738630,PCIex1,1
19241759,PCIex16,1
19241759,PCIex16(at x4),1
19241759,PCIex1,1
18663323,PCIex16,1
18663323,PCIex4,1
16103306,PCIex16,2
16103306,PCIex1,2
4482977,PCIex1,2
9350013,PCIex16,1
14895107,PCIex16,1
14895107,PCIex1,1
27534158,PCIex16,1
27534158,PCIex1,1
16169024,PCIex16,2
16169024,PCIex1,3
11920711,PCIex16,1
11920711,PCIex16(at x4),1
11920711,PCIex1,3
12067610,PCIex16,1
12067610,PCIex1,2
19523846,PCIex16,1
19523846,PCIex1,1
19305758,PCIex16,1
19305758,PCIex1,2
19305758,PCI,1
11583095,PCIex16,1
11583095,PCIex1,2
17172500,PCIex16,2
17172500,PCIex1,2
18742877,PCIex16,1
18742877,PCIex1,2
18742877,PCI,1
16963727,PCIex16,2
16963727,PCIex1,1
1675641,PCIex16,1
1675641,PCIex1,2
4489542,PCIex16,1
4489542,PCIex1,1
16103294,PCIex16,2
16103294,PCIex1,2
17856809,PCIex16,1
17856809,PCIex1,2
17856809,PCI,1
4490529,PCIex16,1
4490529,PCI,2
7129243,PCIex16,1
7129243,PCIex1,1
28183691,PCIex16,1
28183691,PCIex1,1
12660362,PCIex16,1
12660362,PCIex1,1
19110794,PCIex16,1
19110794,PCIex16(at x4),1
19110794,PCIex1,1
16971290,PCIex16,1
16971290,PCIex1,2
19267319,PCIex16,1
19267319,PCIex1,1
21690839,PCIex16,1
21690839,PCIex8,1
16145165,PCIex16,1
16145165,PCIex1,11
12660353,PCIex16,1
12660353,PCIex1,1
20225543,PCIex16,2
20225543,PCIex4,2
20225543,PCI,1
20615138,PCIex16,5
20615138,PCIex8,1
16103303,PCIex16,2
16103303,PCIex1,2
28183721,PCIex16,1
28183721,PCIex1,1
20226533,PCIex16,1
20226533,PCIex4,1
13268105,PCIex16,1
13268105,PCIex16(at x4),1
13268105,PCIex1,3
27547688,PCIex16,2
27547688,PCIex16(at x4),2
27547688,PCIex1,1
16123055,PCIex16,7
20226770,PCIex16,1
20606708,PCIex16,3
20606708,PCIex4,1
20509004,PCIex16,5
20509004,PCIex8,2
20600072,PCIex16,2
20600072,PCIex8,1
20508416,PCIex16,3
20508416,PCIex8,3
5994057,PCIex16,1
5994057,PCI,2
20600042,PCIex16,2
20600042,PCIex8,3
20645075,PCIex16,2
20645075,PCIex8,4
5122402,PCIex16,1
5122402,PCIex8,1
5122402,PCIex1,2
20646362,PCIex16,3
20646362,PCIex8,2
27547895,PCIex16,2
27547895,PCIex16(at x4),2
27547895,PCIex1,1
11583224,PCIex16,2
11583224,PCIex1,3
17670656,PCIex1,USB 8
27691589,PCIex4,1
13911509,PCIex16,2
13911509,PCIex8,2
6371155,PCIex1,2
13628870,PCIex16,2
13628870,PCIex1,2
8514897,PCIex16,2
8514897,PCIex1,3
27508019,PCIex16,4 (x8 미사용시)
27679898,PCIex16,1
27679898,PCIex1,1
27507917,PCIex16,4 (x8 미사용시)
27507917,PCIex4,1
27507986,PCIex16,2
27507986,PCIex16(at x4),1
27507986,PCIex4,1
15381398,PCIex16,2
15381398,PCIex1,1
27508001,PCIex16,2
27508001,PCIex16(at x4),1
27508001,PCIex4,1
14913623,PCIex16,1
14913623,PCIex1,1
11583173,PCIex16,1
11583173,PCIex1,2
27576677,PCIex16,1
27576677,PCIex1,1
5973277,PCIex16,5
5973277,PCIex8,2
24703229,PCIex16,5
24703229,PCIex8,1
3025492,PCIex16,1
3025492,PCI,2
2191233,PCIex16,1
2191233,PCIex1,1
2191233,PCI,2
6700150,PCIex16,1
6700150,PCIex8,1
18167378,PCIex16,3
18167378,PCIex1,2
18036965,PCIex16,1
18036965,PCIex1,2
6731779,PCIex16,4
6731779,PCIex1,2
13923911,PCIex16,7
6132986,PCIex16,2
6132986,PCIex8,(3.0) 3
6132986,PCIex4,1
15609305,PCIex16,2
15609305,PCIex1,1
6153517,PCIex1,2
4483142,PCIex16,1
4483142,PCIex1,2
14652515,PCIex16,1
14652515,PCIex1,1
3603620,PCIex16,1
3603620,PCIex1,2
12719003,PCIex16,3
12719003,PCIex1,1
9591549,PCIex16,1
18538781,PCIex16,1
18538781,PCIex16(at x2),1
18523409,PCIex16,1
18523409,PCIex1,1
16734461,PCIex16,1
16734461,PCIex1,11
4489674,PCIex1,2
4489674,PCI,1
6145321,PCIex16,1
6145321,PCIex1,2
6145321,PCI,2
9660786,PCIex16,3
9660786,PCIex1,2
6153694,PCIex1,2
18222548,PCIex16,1
18222548,PCIex16(at x2),1
18222548,PCIex1,1
14400002,PCIex16,1
6449392,PCIex16,2
6449392,PCIex1,2
6449392,PCI,3
2951174,PCIex16,1
2951174,PCI,2 
27638177,PCIex16,4
4471621,PCIex16,1
4471621,PCIex1,3
14091545,PCIex16,1
14091545,PCIex1,1
15250106,PCIex16,7
5896041,PCIex16,7
9739197,PCIex16,1
4496138,PCIex1,2
14146673,PCIex16,1
14146673,PCIex1,5
15493718,PCIex16,2
15493718,PCIex1,2
4497687,PCIex16,1
4497687,PCIex1,2
2976245,PCIex16,2
2976245,PCIex16,1
2976245,PCIex1,4
6675862,PCIex16,1
6675862,PCIex8,1
6675862,PCI,1
18865970,PCIex16,1
18865970,PCIex16(at x4),1
18865970,PCIex1,1
15610484,PCIex16,1
18400013,PCIex16,1
18400013,PCIex1,1
3266921,PCIex16,1
3266921,PCIex1,2
4468027,PCIex16,1
4468027,PCIex1,2
4468027,PCI,1
16431992,PCIex16,3
16431992,PCIex1,1
16027673,PCIex16,3
6153564,PCIex1,5
28063598,PCIex16,4 (x8 미사용시)
28063598,PCIex8,3
16103312,PCIex16,1
15914372,PCIex16,3
15914372,PCIex1,1
15493682,PCIex16,2
15493682,PCIex1,2
6540358,PCIex16,7
4490813,PCIex1,2
4490813,PCI,1
19480850,PCIex16,2
19480850,PCIex1,2
18221786,PCIex16,1
17122259,PCIex16,1
17122259,PCIex1,1
13629476,PCIex16,1
13223948,PCIex16,2
13223948,PCIex1,2
2976087,PCIex16,1
2976087,PCIex1,1
2976087,PCI,3
16991345,PCIex1,USB 12
12719033,PCIex16,2
12719033,PCIex16(at x4),1
12719033,PCIex1,2
18398615,PCIex16,3
18398615,PCIex1,1
18223844,PCIex16,1
4489009,PCIex1,2
4489009,PCI,1
4495710,PCIex16,1
4495710,PCIex1,2
27508013,PCIex16,4 (x8 미사용시)
11274915,PCIex16,3
11274915,PCIex1,1
5993711,PCIex16,1
5993711,PCIex1,1
5679942,PCIex1,2
5727101,PCIex16,2
5727101,PCIex1,2
5727101,PCI,3
8515179,PCIex16,3
8515179,PCIex1,1
6558463,PCIex16,1
6558463,PCIex1,2
6558463,PCI,3
4478863,PCIex1,1
13632527,PCIex16,2
13632527,PCIex1,3
6343237,PCIex16,1
6343237,PCIex1,1
6343237,PCI,3
15495221,PCIex16,1
5994380,PCIex1,2
19719305,PCIex16,1
19719305,PCIex1,2
19719305,PCI,1
13631120,PCIex16,2
13631120,PCIex1,2
4497542,PCIex16,1
4497542,PCIex1,1
4497542,PCI,1
15610439,PCIex16,2
15610439,PCIex1,1
16103318,PCIex16,2
16103318,PCIex1,1
15504092,PCIex16,2
15504092,PCIex1,2
4497752,PCIex16,1
4497752,PCI,2 
4471645,PCIex16,1
4471645,PCIex1,1
4471645,PCI,2
3032975,PCIex16,1
3032975,PCIex4,1
3032975,PCIex1,1
18319883,PCIex16,1
18319883,PCIex1,1
16103309,PCIex16,2
16103309,PCIex1,2
15610523,PCIex16,4
15610523,PCIex1,1
13396157,PCIex16,2
13396157,PCIex1,1
6819313,PCIex16,1
6819313,PCIex8,1
6819313,PCIex1,1
6153801,PCIex16,1
6153801,PCIex1,1
18449468,PCIex16,1
17745692,PCIex16,2
17745692,PCIex1,2
19719872,PCIex1,2
15610640,PCIex16,2
15610640,PCIex1,2
15610379,PCIex16,2
15610379,PCIex1,1
5713431,PCIex16,1
5713431,PCIex1,1
13631252,PCIex16,2
13631252,PCIex1,2
17543330,PCIex16,3
17543330,PCIex1,1
15880766,PCIex16,2
15880766,PCIex1,2
12872894,PCIex16,3
5994884,PCIex16,1
5994884,PCIex1,1
4489619,PCIex16,1
4489619,PCIex4,1
4489619,PCI,2
15610274,PCIex16,3
5232347,PCIex1,5
12873107,PCIex16,2
12873107,PCIex1,3
12086387,PCIex16,1
12086387,PCIex16(at x4),1
12086387,PCIex1,3
17075744,PCIex16,1
17075744,PCIex1,1
15550634,PCIex16,3
15550634,PCIex1,2
6145411,PCIex1,1
5994821,PCIex16,1
5994821,PCIex1,1
4494526,PCIex16,1
4494526,PCIex1,1
17160728,PCIex16,2
17160728,PCIex4,1
17160728,PCIex1,2
15610577,PCIex16,4
15610577,PCIex1,1
13949459,PCIex16,1
13949459,PCIex1,2
13911173,PCIex16,2
13911173,PCIex4,1
12873041,PCIex16,3
12873041,PCIex1,2
11877574,PCIex16,2
11877574,PCIex1,1
5994200,PCIex16,1
5994200,PCIex1,2
5994200,PCI,2
4489363,PCIex16,1
4489363,PCIex1,2
4489363,PCI,1
18319445,PCIex16,1
18319445,PCIex1,1
15610232,PCIex16,3
11371509,PCIex16,3
11371509,PCIex1,2
5994682,PCIex16,1
5994682,PCIex1,1
4488764,PCIex1,1
16513202,PCIex16,2
16513202,PCIex1,3
16126313,PCIex16,2
16126313,PCIex1,2
8515059,PCIex16,3
8515059,PCIex1,1
13656296,PCIex16,1
13656296,PCIex1,2
4470578,PCIex16,1
4470578,PCIex1,1
8518257,PCIex16,3
8518257,PCIex1,1
16239092,PCIex16,2
16239092,PCIex1,1
14768939,PCIex16,1
13502855,PCIex16,2
13502855,PCIex1,3
18344240,PCIex16,1
15420680,PCIex16,3
5516497,PCIex1,1
5516497,PCI,1
18610844,PCIex16,1
18610844,PCIex1,1
18255221,PCIex16,1
16925153,PCIex16,2
16925153,PCIex1,1
5881295,PCIex1,2
5881295,PCI,1
4470858,PCIex16,1
4470858,PCIex1,3
18204989,PCIex16,1
18204989,PCIex16(at x1),1
18204989,PCIex1,1
15550643,PCIex16,3
15550643,PCIex1,2
13631660,PCIex16,3
13631660,PCIex1,2
11274450,PCIex16,2
11274450,PCIex1,1
18397403,PCIex16,2
18397403,PCIex1,1
14960303,PCIex16,2
14960303,PCIex1,2
4490623,PCIex16,1
4490623,PCIex1,3
18830582,PCIex16,1
18830582,PCIex1,1
18301766,PCIex16,1
18301766,PCIex1,1
18223226,PCIex16,1
18223226,PCIex1,1
18222194,PCIex16,2
18222194,PCIex1,1
17662394,PCIex16,2
17662394,PCIex1,1
17543279,PCIex16,2
17543279,PCIex4,1
18863894,PCIex16,2
18863894,PCIex8,4
18397523,PCIex16,1
18397523,PCIex16(at x4),1
18397523,PCIex1,1
18169595,PCIex16,1
18169595,PCIex1,1
15610361,PCIex16,3
15610361,PCIex1,1
14767040,PCIex16,3
14767040,PCIex1,2
13059749,PCIex16,2
13059749,PCIex1,3
11583245,PCIex16,1
11583245,PCIex16(at x4),1
11583245,PCIex1,1
19068557,PCIex16,1
19068557,PCIex1,1
18319970,PCIex16,1
18319970,PCIex1,1
17832164,PCIex16,1
17832164,PCIex1,2
17438588,PCIex16,2
17438588,PCIex1,1
15493877,PCIex16,1
15493877,PCIex1,1
13631540,PCIex16,2
13631540,PCIex1,3
11223828,PCIex16,3
11223828,PCIex1,3
6643243,PCIex16,1
6643243,PCIex8,1
6643243,PCI,2
6354378,PCIex1,1
6354378,PCI,1
6192932,PCIex4,1
6192932,PCIex1,2
6179549,PCIex1,1
6179549,PCI,1
5994603,PCIex1,1
18263516,PCIex16,1
18263516,PCIex1,2
14991143,PCIex16,2
14991143,PCIex1,3
6153807,PCIex16,1
6153807,PCIex1,1
4471514,PCIex16,1
4471514,PCIex1,1
4471379,PCIex16,1
4471379,PCIex1,1
4471379,PCI,2
2976233,PCIex16,1
2976233,PCIex1,2
18222359,PCIex16,1
17527949,PCIex16,1
17527949,PCIex4,2
16103300,PCIex16,3
16103300,PCIex1,2
15673778,PCIex16,2
15673778,PCIex1,1
13111160,PCIex16,3
13111160,PCIex1,1
6154344,PCIex16,1
6154344,PCIex4,1
6154344,PCIex1,1
18397745,PCIex16,1
18397745,PCIex16(at x4),1
18397745,PCIex1,2
11369259,PCIex16,2
11369259,PCIex1,3
6179481,PCIex16,1
6179481,PCI,2
17160107,PCIex16,2
17160107,PCIex4,1
17160107,PCIex1,2
4465664,PCIex16,1
4465664,PCI,2
19176167,PCIex16,1
19176167,PCIex1,2
18398498,PCIex16,2
18398498,PCIex1,1
14267837,PCIex16,1
14267837,PCIex1,1
14267837,PCI,1
13889696,PCIex16,1
13889696,PCIex1,5
11223846,PCIex16,3
11223846,PCIex1,3
6179521,PCIex16,1
6179521,PCIex1,3
4471394,PCIex16,1
4471394,PCIex1,1
4471394,PCI,2
18967955,PCIex16,1
18967955,PCIex1,2
16103315,PCIex16,2
16103315,PCIex1,1
2976067,PCIex16,1
2976067,PCIex1,1
13928168,PCIex16,2
13928168,PCIex4,1
18397637,PCIex16,2
18397637,PCIex1,2
18204968,PCIex16,1
18204968,PCIex16(at x1),1
18204968,PCIex1,1
18204860,PCIex16,1
18204860,PCIex1,1
18186164,PCIex16,2
18186164,PCIex1,1
18166301,PCIex16,3
18166301,PCIex1,1
17543234,PCIex16,1
16103321,PCIex16,2
16103321,PCIex1,2
15914450,PCIex16,3
15914351,PCIex16,3
15610604,PCIex16,4
15610604,PCIex1,1
15610547,PCIex16,4
15610547,PCIex1,1
13948277,PCIex16,1
13948277,PCIex1,1
13631858,PCIex16,3
13631858,PCIex1,2
13612418,PCIex16,3
13612418,PCIex1,2
6732955,PCIex16,3
6732955,PCIex1,2
6145461,PCIex16,1
6145461,PCI,2
